CatalogID,ProductionDate,ReleaseDate,Number,ProductGroupID
36DDF8BB-74B4-4715-92AE-00C942CC150C,1994-12-23 00:00:00,1989-02-03 00:00:00,9802/7620,A2E464FA-1289-481A-B439-A6CBF5F0D0E5
C61E4053-CF63-4A16-B8BC-00CCE8A99D31,2006-06-30 00:00:00,1998-08-27 00:00:00,9802/7830,E6206E74-E250-492B-A203-F69326C31B4B
F95A7DE6-69ED-4AA4-B5BE-01804A1CFCD4,,2013-05-21 09:17:36,9822/0705,
0E97D67A-3CAD-46DF-A9A0-01D1FEBD2B7F,2005-09-30 09:54:36,1997-04-28 00:00:00,9802/7710,E6206E74-E250-492B-A203-F69326C31B4B
7A16E382-DFFD-4188-AD8C-02904879ED3B,,,9822/0945,59DE41B8-D56A-401C-BE0E-39CA6404D531
C907C7E9-975B-4C8A-AA53-035242DC5351,,2011-02-15 11:31:29,9822/0280,
7122BA8C-8FC7-4233-85AB-04189FFB6C7A,2005-05-31 13:09:46,2002-12-13 00:00:00,9802/2665,6F71BC1B-99E6-4B9A-9DD0-F2D279994F39
191B9908-F17F-4C06-9A6D-04BF692D4CFF,,2009-11-30 10:48:15,9802/6860,8ACF0782-5046-4AA2-ABB2-67AFC900A318
91F57C6A-C5A4-4C1C-AA83-04E15C8318E4,,2009-06-11 16:00:24,LIVELINK,01D72A7D-B1E6-4C44-9643-DCA8C8F95321
72461772-D75B-441A-BAFE-05DD368B0F88,,2009-03-01 09:01:56,9812/4120,
49697BDE-B928-4F37-8336-060F7B1D09FE,,2005-11-01 00:00:00,9802/4740,BF54B40E-231F-4D60-A128-279000C1D624
7569B31B-3961-4B93-8FA7-064088EBF11F,,2013-01-16 10:39:40,9822/0610,59DE41B8-D56A-401C-BE0E-39CA6404D531
4D9CCED2-3B55-4A75-8C41-06780D9CE81B,,2005-11-01 00:00:00,9802/4750,BF54B40E-231F-4D60-A128-279000C1D624
2D80E497-D7CB-42CC-9C17-06C3B17E7AB3,2000-05-15 11:25:39,1996-08-29 00:00:00,9802/2360,6F71BC1B-99E6-4B9A-9DD0-F2D279994F39
CDADE578-327B-425D-83E1-074E99DDE493,,2007-07-11 00:00:00,9812/7075,
2E7F9B06-EEC2-4175-A5EE-077367F86A8F,,2015-09-07 08:00:58,9822/1060,
4C12AA1D-3EF8-414E-86B1-07A01AFBB655,,2008-07-01 00:00:00,9802/4850,8ACF0782-5046-4AA2-ABB2-67AFC900A318
837EA687-C621-4C2F-B3B9-0903F5AB317C,,2007-10-01 00:00:00,9802/1020,4352820D-226D-4FA6-987C-BB96FE95B96F
34780A57-8EB2-4557-866E-09C47E2BE883,2003-03-21 00:00:00,1995-08-31 00:00:00,9802/5810,59DE41B8-D56A-401C-BE0E-39CA6404D531
99062E85-1C18-4B66-9F64-0A880E3B1BCE,2003-09-11 00:00:00,2000-12-20 00:00:00,9802/7940,E6206E74-E250-492B-A203-F69326C31B4B
7CC6F5F9-84AC-42DB-B9DC-0ACA05679C1D,,,9812/4240,6A35BF04-B5B7-4503-ADF8-B577DFFEC2D2
F9306B1B-7703-477D-AD06-0ACE0D16735D,,,9812/9320,
0718AF46-1195-46B6-AF38-0B86EB61668F,2012-04-30 00:00:00,2009-08-31 11:27:53,9812/7090,
CAEE8FB0-0642-4BAB-B09B-0BBAF14F4BE1,,2007-06-29 00:00:00,9802/5980,8051DE7A-12ED-4D7A-85F2-1CBFA46B44DA
C2B90096-D4F6-41DD-9C8C-0C70DC4DBE83,,2008-05-01 00:00:00,9802/4990,BF54B40E-231F-4D60-A128-279000C1D624
24CF92B0-8C2B-4DEE-9125-0C9515492A62,,2001-03-01 00:00:00,9802/9015,8184791B-FFAE-4080-BAD1-FF26C71DA4D8
8BC0EC92-7A0D-4F53-9BEF-0CC43A9300AC,,2011-02-10 08:23:22,9822/0180,4352820D-226D-4FA6-987C-BB96FE95B96F
AE25E5DE-3C16-4DAB-BA71-0CC56473364C,,2009-01-21 15:56:35,9812/5105,
FB44A4BD-7315-45EC-8AEF-0D459AB78C0A,1988-11-25 11:19:06,1983-10-17 00:00:00,9802/7200,E6206E74-E250-492B-A203-F69326C31B4B
5BC7D982-20F3-4E3E-A3EF-0DE04A655135,,2012-04-30 16:19:20,9822/0090,E6206E74-E250-492B-A203-F69326C31B4B
78E40709-ACB1-4DD4-8FB5-0E39DEE7F23C,1987-06-30 00:00:00,1986-01-30 00:00:00,9802/7600,A2E464FA-1289-481A-B439-A6CBF5F0D0E5
9966C137-61E0-4459-A7BE-0E62ABF66F22,1991-08-29 17:04:05,1989-05-25 00:00:00,9802/5350,59DE41B8-D56A-401C-BE0E-39CA6404D531
F98E07E4-CA0E-4DAE-9E3A-0F3AA5CDEA00,,2010-05-17 11:02:53,9822/0160,4352820D-226D-4FA6-987C-BB96FE95B96F
4D7C8C02-EC7B-42B8-8200-0F47922EFADD,2008-02-18 13:59:11,2005-09-16 00:00:00,9812/2270,9C06D500-E638-4C55-B45D-DC52975F97DC
BFDFB88A-AF2A-4D15-A1A7-0F8634B5D275,1989-11-28 09:51:46,1985-03-10 00:00:00,9802/7550,E6206E74-E250-492B-A203-F69326C31B4B
28F83A36-4272-4B78-8F0C-0F8F62F74F6B,2008-01-31 00:00:00,2005-10-18 00:00:00,9812/7050,
25A09F65-44A4-4BEC-9449-0F9C5793FEE6,1993-01-15 10:55:12,1987-06-24 00:00:00,9802/2260,6F71BC1B-99E6-4B9A-9DD0-F2D279994F39
47C22675-CDF0-442C-9B77-0FCC4DDB3F5E,2005-12-13 09:30:00,2003-04-16 00:00:00,9802/7020,E6206E74-E250-492B-A203-F69326C31B4B
4C220034-AAFE-4EEF-A29A-1058F621D1BD,,2012-04-30 13:43:35,9822/0390,E6206E74-E250-492B-A203-F69326C31B4B
6A2BB458-AE04-4F53-979C-108E08DDAB9A,,2008-11-21 14:02:00,9802/4880,8ACF0782-5046-4AA2-ABB2-67AFC900A318
4F187B21-E64D-4DFD-B332-10CE9290E02D,1988-11-25 10:45:47,1983-10-17 00:00:00,9802/7190,01D72A7D-B1E6-4C44-9643-DCA8C8F95321
67732D49-51B2-489A-844B-10DAB8ED533C,2008-02-05 00:00:00,2008-06-24 00:00:00,9802/3520,6C3FDBF7-7361-40C7-8468-C55F108EC244
63285D00-4704-48AD-A883-113173D45F95,2015-04-16 00:00:00,2010-10-07 17:47:11,9822/0270,
66D4B64A-EE67-431E-888A-1133B0D0AD16,,2012-02-16 00:00:00,9802/5600,59DE41B8-D56A-401C-BE0E-39CA6404D531
8B0F24CF-0371-46BB-8F22-113AB9647CB0,,2006-10-31 00:00:00,9812/0080,89FB1C3F-5F21-4FE9-A339-341AA83A5284
F2AED1A6-4840-47D8-AA59-114BBC6F4957,2003-02-17 00:00:00,1996-03-11 00:00:00,9802/7910,E6206E74-E250-492B-A203-F69326C31B4B
C1130648-F91E-4413-BD79-1174DB6DF873,,2014-09-01 09:48:37,9812/92230,FB1CD1A5-9047-4335-89DA-DF8139EC8172
D39F8BB0-5C47-4940-A6F2-11EA44BC24B1,,2010-03-15 17:21:53,9822/0115,
9BB19CAC-9CA4-4A80-A9EC-11EE48D75E0C,1989-01-31 00:00:00,1987-05-28 00:00:00,9802/7650,A2E464FA-1289-481A-B439-A6CBF5F0D0E5
46C71FB3-FA04-4785-A3EF-11FDDD923F83,2006-01-10 13:14:46,2002-12-13 00:00:00,9802/2680,6F71BC1B-99E6-4B9A-9DD0-F2D279994F39
25D1B297-8AB8-4072-8E1E-1207A148A483,,2013-08-30 08:00:03,9822/0750,B52A9096-4EFA-4004-BC6C-D0EA1E0BB202
6B2DB8BC-7363-4EE1-9535-12087B906ED3,1997-04-30 12:33:17,1994-09-06 00:00:00,9802/9510,89FB1C3F-5F21-4FE9-A339-341AA83A5284
E2432CC4-AC81-4D2D-A50A-1228BB2B58A4,,,9802/9935,01D72A7D-B1E6-4C44-9643-DCA8C8F95321
0B78923E-333A-4897-BA90-1291BB165473,,2007-06-21 00:00:00,9812/3100,2675503F-282C-415E-875F-69B0A1EE808E
E68DFF19-6F82-4961-B463-12D9D086000B,,,PT/4860,01D72A7D-B1E6-4C44-9643-DCA8C8F95321
589BB64C-A6CB-4EB9-B467-1300D1718290,2008-01-31 12:06:22,2004-04-23 00:00:00,9802/2580,9C06D500-E638-4C55-B45D-DC52975F97DC
ADD255BA-1630-49F5-A3FA-134EFEA06B4B,,2014-12-08 10:23:57,9822/1005,C95AB666-6E0A-413B-AEB4-27B07F6075BE
21792F92-49C2-4881-886A-135D00C9E631,,2000-02-18 00:00:00,9812/0010,89FB1C3F-5F21-4FE9-A339-341AA83A5284
0E5597AD-860D-4C08-8806-136C5DB41C6E,1995-11-23 00:00:00,1991-11-11 00:00:00,9802/5800,59DE41B8-D56A-401C-BE0E-39CA6404D531
ED887FA5-91A5-4F7E-8D5E-13732A7434D6,,2013-03-21 06:14:46,9822/0645,2B0BB246-BF29-4B57-B9DC-62A80A3C112A
D99FF943-0BBE-495F-8A5A-143786BA7731,2012-04-30 00:00:00,2008-06-01 00:00:00,9812/7500,
CD54AFC0-2169-4C5C-9502-1441C48D136C,,2010-10-01 15:54:51,9812/5091,
FBFC7C70-C35F-4CCF-8ED6-14716B04CDCA,2008-09-26 00:00:00,2002-11-21 00:00:00,9802/6300,586CAA7A-57D5-41CB-A5B2-3A602A5DBEAC
D9ADBDF0-B733-41EC-91F8-14759C06BC81,,2014-11-28 05:52:34,9822/0970,59DE41B8-D56A-401C-BE0E-39CA6404D531
9C844AE5-5D97-44E0-9127-147DC8E58D27,,2015-01-13 15:09:51,9812/3300,6F71BC1B-99E6-4B9A-9DD0-F2D279994F39
54E62BC9-8261-48AA-97ED-14AD155626AB,2007-05-24 15:41:24,2006-03-31 00:00:00,9812/0040,89FB1C3F-5F21-4FE9-A339-341AA83A5284
72DA74CD-516D-4AD1-955B-150220198D39,2010-11-25 00:00:00,2006-05-18 00:00:00,9802/6730,CBBC753F-26FB-439E-99C7-99F7067409EC
D8F5F013-F3C5-4FC5-BC67-1506AF39178C,,2008-06-01 00:00:00,9802/4930,BF54B40E-231F-4D60-A128-279000C1D624
139E6183-7D16-48D0-B6B5-15816D081B30,,2015-06-18 18:44:52,9822/1030,2B0BB246-BF29-4B57-B9DC-62A80A3C112A
98A4CE22-9ABB-4ACB-9B34-15E087B336E8,2001-02-27 11:37:53,1997-04-28 00:00:00,9802/2450,6F71BC1B-99E6-4B9A-9DD0-F2D279994F39
AC4B57ED-F186-493F-9044-15E566FF70F0,2012-04-30 00:00:00,2008-01-01 00:00:00,9812/7550,
E5C6036B-650E-4A03-8082-1616CB1A93AF,2005-12-07 09:36:01,2003-06-16 00:00:00,9802/7060,E6206E74-E250-492B-A203-F69326C31B4B
94632251-375E-4612-80A5-16F57C2FDE05,,2009-01-01 15:53:15,9812/5080,
756EBA75-A5C6-4552-8458-17BFDB844342,2006-11-24 12:25:36,2003-01-30 00:00:00,9802/2645,6F71BC1B-99E6-4B9A-9DD0-F2D279994F39
2E33ACA0-D032-4AB0-8AD6-17C6B0F4ACA6,2001-07-17 16:54:59,1995-06-13 00:00:00,9802/4510,C6B07E15-C6D7-4F64-B159-DE57C9118FFF
1597239A-1C7E-4D5F-B7DF-17DDADB26D6D,2006-02-25 00:00:00,2002-03-28 00:00:00,9802/5920,59DE41B8-D56A-401C-BE0E-39CA6404D531
5CEEEA18-BECC-4F84-A82A-1883CC59C797,2000-04-27 00:00:00,1997-07-28 00:00:00,9802/5710,59DE41B8-D56A-401C-BE0E-39CA6404D531
8000E1AE-7C0E-4148-8E60-18D0E948D816,1994-10-27 12:39:04,1990-10-31 00:00:00,9802/9600,89FB1C3F-5F21-4FE9-A339-341AA83A5284
243C5622-E13D-45EC-B0CB-18E573B28799,1997-03-27 11:19:13,1994-02-09 00:00:00,9802/2310,6F71BC1B-99E6-4B9A-9DD0-F2D279994F39
380BB52E-AEF8-4C1F-B36F-19105B9189B6,1991-09-06 11:31:27,1988-02-18 00:00:00,9802/8560,89FB1C3F-5F21-4FE9-A339-341AA83A5284
97B0706D-6F0F-4EE8-91D0-199690E51FC6,,2010-07-01 12:16:12,9812/4170,
0E18D0D4-9755-4A4A-AC3E-19B1D6494D91,2007-06-29 00:00:00,2004-01-23 00:00:00,9802/4560,C6B07E15-C6D7-4F64-B159-DE57C9118FFF
A8CA91D9-5AAD-42CC-8428-1A5574B38AB6,,2008-05-01 00:00:00,9802/4840,8ACF0782-5046-4AA2-ABB2-67AFC900A318
1B8130ED-CD6F-4BEC-90D8-1A61196B8DFE,,2011-08-18 13:09:09,9822/0235,
EEFC0D7D-46EB-4DD1-B95D-1AE3A67E9699,1996-07-26 11:45:54,1994-02-28 00:00:00,9802/2510,6F71BC1B-99E6-4B9A-9DD0-F2D279994F39
F90DE891-6ECC-4D1E-96D5-1B13BCC3E574,2011-06-22 00:00:00,2006-10-17 00:00:00,9802/5500,2B0BB246-BF29-4B57-B9DC-62A80A3C112A
BEFBB904-2ECC-45F0-BD73-1B9CC81001D3,,2014-09-15 17:42:27,9822/0935,89FB1C3F-5F21-4FE9-A339-341AA83A5284
0D04701C-5877-4229-9B97-1BB83D20683D,,2010-12-01 15:47:56,9822/0225,
80B123D2-AA10-4513-89FC-1BBB8AE6B8CB,,2008-06-11 10:07:10,9822/0375,
6815D34B-6D33-4716-8307-1D217867F00A,2002-09-30 11:47:16,1995-05-08 00:00:00,9802/2520,6F71BC1B-99E6-4B9A-9DD0-F2D279994F39
C0C13968-5C58-4ADB-A5A2-1D5FA5D0CE10,1988-12-23 00:00:00,1987-06-30 00:00:00,9802/7610,A2E464FA-1289-481A-B439-A6CBF5F0D0E5
44B0C79A-1B1F-4DA2-9829-1D83006339E5,,2010-01-01 09:00:35,9822/0055,59DE41B8-D56A-401C-BE0E-39CA6404D531
895CCCED-7A67-46CA-A860-1D9F57F6C438,,2009-05-01 09:04:18,9812/6100,
BAC0BF27-B869-4ECD-AED8-1DA5A22B51B5,2003-01-27 10:42:48,2001-03-26 00:00:00,9802/2610,6F71BC1B-99E6-4B9A-9DD0-F2D279994F39
BE7DE312-39B9-44D6-B71B-1DAEF8B538AC,1996-12-23 00:00:00,1994-12-15 00:00:00,9802/7950,E6206E74-E250-492B-A203-F69326C31B4B
10307478-249F-4B3F-8512-1E262AF3230B,,2001-01-01 00:00:00,9802/0060,6A35BF04-B5B7-4503-ADF8-B577DFFEC2D2
691B2102-C576-4A5C-AF44-1E99D143CE58,2014-02-03 14:24:08,2011-02-03 14:24:08,9822/0305,E6206E74-E250-492B-A203-F69326C31B4B
60455F70-C537-4DDE-BD7C-1F34FC66CB63,1992-10-16 11:36:23,1990-05-25 00:00:00,9802/8800,91A20DA3-5B80-4DA6-84ED-4BAA3300F810
D66BF882-AD20-4402-8650-1F732BFE8133,2012-04-01 00:00:00,2009-01-01 11:27:24,9822/0765,E6206E74-E250-492B-A203-F69326C31B4B
445D2D5B-862E-4F04-9E7F-1F9C01E25F2E,2008-03-01 00:00:00,2006-06-29 00:00:00,9812/7200,
E2DFE23B-B24B-4BED-9F6F-1FD72D1AA6E6,,2011-07-28 09:49:40,9822/0410,
36EA547C-8272-4A56-B5FC-20031EA46290,1989-11-23 15:35:32,1985-04-29 00:00:00,9802/7400,E6206E74-E250-492B-A203-F69326C31B4B
6E367063-0CE2-4899-A3FB-2059C5FF0FF3,2005-04-29 13:13:09,2002-07-15 00:00:00,9802/2675,6F71BC1B-99E6-4B9A-9DD0-F2D279994F39
E990D0C5-F121-4C38-9502-2068FD0C3D90,,2007-04-16 00:00:00,9802/5930,59DE41B8-D56A-401C-BE0E-39CA6404D531
F561520C-8170-43C0-BA4D-20D4475390FD,,2013-10-23 14:30:34,9822/0790,59DE41B8-D56A-401C-BE0E-39CA6404D531
0B0DCCE9-7F7D-487C-9A04-21491EE07378,2003-06-17 00:00:00,1999-12-21 00:00:00,9802/7890,E6206E74-E250-492B-A203-F69326C31B4B
4DA22922-EE06-4ACE-9EC0-21CFA6773CDE,2007-07-02 00:00:00,2006-02-01 00:00:00,9812/7030,
5D27A883-3C8F-47A6-8EBF-21DBEE71BA40,1995-11-28 11:36:59,1992-12-03 00:00:00,9802/8820,91A20DA3-5B80-4DA6-84ED-4BAA3300F810
328325E1-A8CE-489B-894F-220E6406F8A3,,2014-11-05 17:06:41,9822/0965,59DE41B8-D56A-401C-BE0E-39CA6404D531
4715B253-909E-4634-A67F-227DF2423D62,,2007-07-16 00:00:00,9812/5000,59DE41B8-D56A-401C-BE0E-39CA6404D531
DA77F5D0-6AAC-4B4D-91F0-22A42CF98DC4,,2010-07-19 11:02:19,9822/0190,B52A9096-4EFA-4004-BC6C-D0EA1E0BB202
EDD557DC-7842-41C6-A911-22F55AF685BD,,2015-02-05 16:03:21,9812/6700,
F19A863E-1AF9-4E38-85EC-23D8490EB1C8,,2011-04-04 15:24:11,9822/0355,59DE41B8-D56A-401C-BE0E-39CA6404D531
23013804-D93E-47DE-AC44-2446B303A62A,2004-01-20 00:00:00,1996-08-30 00:00:00,9802/5760,59DE41B8-D56A-401C-BE0E-39CA6404D531
B1343E10-5973-497A-B71F-246A55DB12B3,,2010-07-12 13:20:13,9812/5115,
FABD5A96-975E-4D14-AA28-25175A7A1CB4,,2008-05-01 00:00:00,9802/4900,BF54B40E-231F-4D60-A128-279000C1D624
F0088930-3A0F-42ED-B614-253E116E8656,,,9812/4235,6A35BF04-B5B7-4503-ADF8-B577DFFEC2D2
6D18F17F-96AB-4223-A93F-2572543907A4,,2012-05-14 16:11:14,9822/0400,2B0BB246-BF29-4B57-B9DC-62A80A3C112A
2E7ED899-D91E-4F13-B1C4-260455EFBAE4,,2013-02-26 14:44:10,9822/0640,
EE40091E-8DE8-418D-9C21-26866F238FF0,,2010-08-19 09:23:40,9822/0210,4352820D-226D-4FA6-987C-BB96FE95B96F
D51C1BC9-0E86-4CD4-9D89-27375AEC2C34,2014-02-01 00:00:00,2006-06-16 00:00:00,9812/9000,A2E464FA-1289-481A-B439-A6CBF5F0D0E5
AB3ABCA8-579E-4E25-AFEC-274B7C4101EC,2000-11-30 00:00:00,1998-02-05 00:00:00,9802/6640,CBBC753F-26FB-439E-99C7-99F7067409EC
75E0CA50-4BEB-4E4C-AC3F-27A6EDD021FB,2004-02-12 10:36:40,2003-09-23 00:00:00,9802/7160,E6206E74-E250-492B-A203-F69326C31B4B
BCEBEBFA-3B33-41AB-9210-2806632F0AA4,2003-06-13 14:10:51,2002-12-19 00:00:00,9802/9739,89FB1C3F-5F21-4FE9-A339-341AA83A5284
CCA22D83-807A-493F-A27C-280B1EC06E7C,2008-04-30 00:00:00,2006-10-31 00:00:00,9802/6540,6C3FDBF7-7361-40C7-8468-C55F108EC244
88B2EE39-3510-410B-A107-28C18DD9FC5F,,2009-06-10 17:11:25,9812/4100,
2E97DE30-2F4D-443C-8ECA-28F1AAF5F2E1,2009-10-23 00:00:00,2009-09-23 00:00:00,9812/0110,89FB1C3F-5F21-4FE9-A339-341AA83A5284
98E6F133-0938-459B-9E2C-290335AEF2FC,,2010-10-12 10:16:46,JS520 T3,59DE41B8-D56A-401C-BE0E-39CA6404D531
8157FD7D-8572-44FF-ACF4-2916FB89FBD5,,2014-03-29 13:42:32,9822/0855,CBBC753F-26FB-439E-99C7-99F7067409EC
F07FDF52-352A-4B11-BBC1-295530E6E69C,2005-01-01 00:00:00,1997-01-01 11:25:52,VIBROMAX,BF54B40E-231F-4D60-A128-279000C1D624
7699A124-832A-4A89-97CC-2972C259D0D4,2006-03-22 12:45:22,2003-01-31 00:00:00,9802/9620,89FB1C3F-5F21-4FE9-A339-341AA83A5284
4BC50F9A-1566-461A-A051-29D4ABB7EF69,2000-12-22 00:00:00,1998-02-05 00:00:00,9802/6650,CBBC753F-26FB-439E-99C7-99F7067409EC
471E7BEC-F3C1-42AF-955B-29EB0A67FC33,2005-11-29 09:49:06,2004-03-08 00:00:00,9802/7130,E6206E74-E250-492B-A203-F69326C31B4B
34392F75-BCF9-4245-99D4-29F964F42751,1996-09-10 16:31:25,1996-08-01 00:00:00,9802/2253,6F71BC1B-99E6-4B9A-9DD0-F2D279994F39
E1B32A87-A060-4E3C-8CBF-2A3293C4CF25,,2015-11-05 15:57:42,9822/1040,6F71BC1B-99E6-4B9A-9DD0-F2D279994F39
18822DC6-EAA1-4F87-8FE9-2A86A806D1F3,,,9802/9980,01D72A7D-B1E6-4C44-9643-DCA8C8F95321
9347A496-419E-48A5-9270-2B5B3CA561C9,,2014-11-26 10:57:23,9822/0975,59DE41B8-D56A-401C-BE0E-39CA6404D531
EB608A83-37C4-4EEE-9435-2B67350693E3,1997-11-11 17:33:42,1993-12-06 00:00:00,9802/5650,8051DE7A-12ED-4D7A-85F2-1CBFA46B44DA
8B692FEA-16B2-4C01-9262-2B7DF097D993,,2008-08-13 15:55:24,9812/5095,
E63C0F7D-3D09-4BBB-BB72-2B9A05AF8F39,,2015-01-13 13:36:19,9812/6500,
BE6E9140-DA58-4B1B-ABDE-2BA8EE3601D4,2009-11-01 00:00:00,2009-11-01 00:00:00,9812/2520,01D72A7D-B1E6-4C44-9643-DCA8C8F95321
204D4917-4E00-446F-A1BC-2BE51B03CBFA,,2008-05-01 00:00:00,9802/4980,8ACF0782-5046-4AA2-ABB2-67AFC900A318
5F62A017-83B0-4E12-986C-2C38A123C5B5,,2007-09-27 00:00:00,9802/5880,59DE41B8-D56A-401C-BE0E-39CA6404D531
2AD84F27-7DCE-4A63-ACA3-2C8DD6BB58EE,1998-01-28 12:53:10,1998-01-28 00:00:00,9802/9709,89FB1C3F-5F21-4FE9-A339-341AA83A5284
9DF5C172-0F4B-4B81-991B-2C971AEF8797,,2011-10-03 15:32:00,9822/0435,
398D5082-9E33-4119-98A0-2CD46DE16F08,2004-08-25 00:00:00,1996-09-09 00:00:00,9802/5770,59DE41B8-D56A-401C-BE0E-39CA6404D531
D665CE15-98AB-47BE-8115-2CDC06A2896C,,2013-11-17 17:14:57,9822/0810,6F71BC1B-99E6-4B9A-9DD0-F2D279994F39
FF0F98A0-F4BB-499D-A1D5-2D583C578182,,2007-01-01 00:00:00,9812/7095,
2B4F436C-4D9E-4D6D-8145-2DC5354DFBB3,2012-04-27 09:59:42,1996-04-19 00:00:00,9802/7820,E6206E74-E250-492B-A203-F69326C31B4B
7FDD52C5-0E5A-44C4-A363-2E1AFCA40237,2006-09-07 17:30:26,2003-04-30 00:00:00,9802/5460,B52A9096-4EFA-4004-BC6C-D0EA1E0BB202
5813133B-2E70-4809-80D8-2EF1A3E00D83,,2005-11-01 00:00:00,9802/4800,8ACF0782-5046-4AA2-ABB2-67AFC900A318
4CB6C149-F7AB-4B53-9934-2F19CAAF14A9,,2001-03-01 00:00:00,9802/9010,8184791B-FFAE-4080-BAD1-FF26C71DA4D8
4918B54A-EB64-4E47-A306-2F9A3AD1404F,,,9812/9270,
BA69CAF3-9979-44C8-80BD-305354BD2526,2007-08-22 00:00:00,1999-11-23 00:00:00,9802/4530,C6B07E15-C6D7-4F64-B159-DE57C9118FFF
15FD07D3-A7EC-4E75-8B7F-309531833491,1997-09-01 09:53:18,1993-11-29 00:00:00,9802/7700,E6206E74-E250-492B-A203-F69326C31B4B
EF77013B-DA7C-4D5C-9865-30BA1A46BC2B,,2012-07-12 09:54:35,9822/0545,59DE41B8-D56A-401C-BE0E-39CA6404D531
49899E35-68A0-49BD-93B0-3199E78DD6E8,,2014-03-04 09:24:45,9822/0840,DB5C285B-884C-4ABD-900A-DB033A91551D
6FB87A4E-7959-41B6-A007-32153955E3B8,,2014-09-22 12:04:50,9822/0955,C95AB666-6E0A-413B-AEB4-27B07F6075BE
C1583E78-79CA-4329-8256-321E8F5FDC22,,2013-11-18 17:15:29,9822/0815,6F71BC1B-99E6-4B9A-9DD0-F2D279994F39
825332B0-8CBB-4814-B196-32220B8F216B,,2015-04-30 07:45:59,9812/2550,FF80B63B-0172-46B5-B9C5-4C6845EAE72B
4BE06F51-26A2-4E91-AECC-3275DF84A8C4,1998-01-28 12:48:31,1994-10-19 00:00:00,9802/9700,89FB1C3F-5F21-4FE9-A339-341AA83A5284
85EB0636-EA42-4359-A502-32BD917383E9,1989-06-21 17:03:20,1985-01-14 00:00:00,9802/5300,59DE41B8-D56A-401C-BE0E-39CA6404D531
470120E9-B81D-4484-8047-330C227720E4,,2004-05-01 00:00:00,9802/6510,01D72A7D-B1E6-4C44-9643-DCA8C8F95321
94A2DDAD-0D96-4A79-ADF7-3326418E5836,,2009-11-30 14:52:02,9812/3130,2675503F-282C-415E-875F-69B0A1EE808E
77F22CD3-1EB4-4786-99CF-339DD3C324A6,,2012-11-15 14:49:00,9822/0595,
AF9740A3-0FCC-46D4-988D-33E47937E07C,,2010-07-28 15:46:14,9822/0140,2B0BB246-BF29-4B57-B9DC-62A80A3C112A
B6153D2C-EF28-4258-9636-34E9ABD34637,,2001-02-19 00:00:00,9802/5970,59DE41B8-D56A-401C-BE0E-39CA6404D531
562C6D92-314A-4ECC-9911-351485A372BB,,2007-06-30 08:18:44,9812/3275,
85FE82EB-956D-403C-A005-356DF6C75A5B,,2013-01-18 10:27:30,9822/0620,
3CEF30C7-CF39-41D5-A68C-3618DCF45D86,,2014-09-12 09:19:28,9812/9260,FB1CD1A5-9047-4335-89DA-DF8139EC8172
EEF2ED68-62E2-4217-BAEB-361BA9FA71ED,,2010-07-19 11:01:41,9822/0195,B52A9096-4EFA-4004-BC6C-D0EA1E0BB202
58778317-D76F-44C7-8F87-36290773BC7A,,2011-04-26 17:05:18,9822/0370,59DE41B8-D56A-401C-BE0E-39CA6404D531
4EA14E29-97D7-4669-86DC-367F688C9963,,2008-05-01 00:00:00,9802/4770,BF54B40E-231F-4D60-A128-279000C1D624
609100E9-0A59-4F6C-A25B-36A7A549CCC1,,2009-12-01 09:13:47,9812/9100,
672AA0FE-7C59-4731-B71A-371324EADC12,,2011-12-16 09:45:17,9822/0485,6F71BC1B-99E6-4B9A-9DD0-F2D279994F39
3C852F1D-3C15-40D2-8119-3781DFEC2F98,,2013-02-01 15:01:32,9822/0630,
A38F961E-583A-4056-A652-38101391296C,,2013-10-17 15:57:13,9822/0770,59DE41B8-D56A-401C-BE0E-39CA6404D531
341D669B-E075-4133-99C9-385196503125,,2013-11-17 17:14:00,9822/0805,6F71BC1B-99E6-4B9A-9DD0-F2D279994F39
701A3E5B-F5DE-45C7-BAC4-38AC0F4E2B4B,,2012-11-12 17:00:19,9822/0585,6F71BC1B-99E6-4B9A-9DD0-F2D279994F39
765C18DD-5E25-4DCE-A2C1-38E55E9E71AC,,2007-11-01 00:00:00,9802/1040,4352820D-226D-4FA6-987C-BB96FE95B96F
B5CF14C8-000A-4179-8FC6-3907141BB9EE,2012-02-23 00:00:00,2004-04-22 00:00:00,9802/9910,D31CFBF9-DDE1-42A0-B736-E7A83C63574D
00B28547-321C-47B3-A9A7-396897D51C44,,2014-08-18 22:42:43,9822/0940,6F71BC1B-99E6-4B9A-9DD0-F2D279994F39
B16CD084-8E68-4A63-831D-3A64F365FFC6,,2009-01-03 08:59:54,9822/1055,
A9554915-B838-48E0-BC46-3A8C8A53DE57,2011-05-01 00:00:00,2010-08-31 15:43:36,9822/0145,CBBC753F-26FB-439E-99C7-99F7067409EC
9C68B20D-B173-42F8-9102-3ADB98BEC646,2013-06-28 00:00:00,2010-06-29 08:38:40,9822/0105,89FB1C3F-5F21-4FE9-A339-341AA83A5284
A650888A-B4B6-40AE-9EF2-3BECD5ABB2FC,,2006-07-01 00:00:00,9802/2940,7F042236-8D08-4927-A55A-7BE1557B6135
ABF9B68C-A6DE-41C5-95BA-3BFD26EDAF7B,2004-12-24 14:27:10,2002-02-14 00:00:00,9802/9745,89FB1C3F-5F21-4FE9-A339-341AA83A5284
0F04198E-9734-46F0-A987-3C3369CD5BB2,,2007-11-01 00:00:00,9802/5580,01D72A7D-B1E6-4C44-9643-DCA8C8F95321
6C3E2A01-74F4-407E-9289-3DA8E4C74C53,2006-05-11 00:00:00,2004-01-30 00:00:00,9802/7640,A2E464FA-1289-481A-B439-A6CBF5F0D0E5
457F009A-CE16-4F5D-B61D-3DBD094BF532,2007-06-26 00:00:00,2003-12-24 00:00:00,9802/6710,CBBC753F-26FB-439E-99C7-99F7067409EC
4C79F451-6D3D-43DC-B45A-3E37756CD411,2008-02-19 00:00:00,2005-09-22 00:00:00,9802/6720,CBBC753F-26FB-439E-99C7-99F7067409EC
334B8F15-9D37-4A92-B760-3E79150DF047,,2002-06-01 00:00:00,9802/7970,E6206E74-E250-492B-A203-F69326C31B4B
1FAEE422-96EE-4CF2-9980-3ECF4714DA8B,,2010-08-19 09:23:03,9822/0205,
6BFAA379-43DC-4F46-9FCE-3F1A334F2F6C,2012-04-30 00:00:00,2008-01-20 00:00:00,9812/7560,
CD86ED87-D6EE-4461-A254-3F380453A0F7,,2007-05-11 00:00:00,9802/6740,CBBC753F-26FB-439E-99C7-99F7067409EC
1570DEA9-D8D0-4C3A-8B7E-3FA6AA04ADE5,,,9812/9325,FB1CD1A5-9047-4335-89DA-DF8139EC8172
5C017CD3-D4A9-4DCE-B1ED-3FFB6CDB5FB6,2011-01-03 00:00:00,2009-11-12 08:14:57,9822/0050,CB7F2C2B-B04F-4E34-8CE6-7CBD9AA46468
3B91B35D-FD0B-4A9A-9133-4136C1A4C165,1997-11-29 00:00:00,1992-03-09 00:00:00,9802/5900,59DE41B8-D56A-401C-BE0E-39CA6404D531
CDC72329-3FB0-4E37-9615-4152C898AEF0,,2012-11-01 12:35:52,9822/0590,6F71BC1B-99E6-4B9A-9DD0-F2D279994F39
F1E4F5CF-53E4-42D8-9F31-418903FBF687,,2009-11-01 09:03:38,9812/4140,
5528F591-3446-4B7B-988D-419D0A8D7172,2011-02-28 00:00:00,2010-06-30 12:57:44,9822/0230,89FB1C3F-5F21-4FE9-A339-341AA83A5284
AD59CB83-3B65-4076-8978-41B73E7C5DD1,2005-09-15 00:00:00,1999-02-25 00:00:00,9802/7930,E6206E74-E250-492B-A203-F69326C31B4B
83B34EAB-19E3-4E9D-95A2-42DFA535B38E,,2013-08-01 12:38:03,9822/0720,2675503F-282C-415E-875F-69B0A1EE808E
29585612-A0E5-4906-9E88-42EED9F01D7C,2002-03-27 14:18:19,1998-10-19 00:00:00,9802/9740,89FB1C3F-5F21-4FE9-A339-341AA83A5284
D3C59FA3-BFB5-47D6-BEA1-43193B59D82A,,1993-04-01 00:00:00,9802/9000,8184791B-FFAE-4080-BAD1-FF26C71DA4D8
6F3164F4-ED32-49B4-A914-4500FEEF5940,,,9822/1015,
506D559B-2938-45CA-9136-4538449E75CF,,2013-03-21 08:38:40,9822/0650,
E514CB8F-8750-4FD6-9871-4547375B1AB9,2003-04-09 17:28:26,2000-06-23 00:00:00,9802/5410,B52A9096-4EFA-4004-BC6C-D0EA1E0BB202
DB3A1CB9-9DB8-4130-A74C-4682206FFE1E,1998-03-17 17:19:50,1993-05-14 00:00:00,9802/5403,B52A9096-4EFA-4004-BC6C-D0EA1E0BB202
F0A964C0-993F-43EC-B23F-46DE9CCDF94E,1998-11-27 09:57:33,1988-10-28 00:00:00,9802/7800,E6206E74-E250-492B-A203-F69326C31B4B
74A6F03C-9401-49AA-B666-46F8DB67D1F5,,,9822/0260,59DE41B8-D56A-401C-BE0E-39CA6404D531
2E4787B0-0EC8-4D9E-842E-476810B87868,2008-01-31 00:00:00,2006-01-31 00:00:00,9812/7070,
A4C07CB0-0B33-4BA7-9F9C-47F76AE12D13,,2010-05-01 09:14:19,9822/0155,4352820D-226D-4FA6-987C-BB96FE95B96F
38AFA8AF-CCF4-4279-9BE1-4895BDBDA59B,1991-06-11 11:32:18,1990-05-09 00:00:00,9802/8570,89FB1C3F-5F21-4FE9-A339-341AA83A5284
5818B2B5-50B2-4FAC-A3B8-48DEAE6DB7F9,,2013-08-01 12:40:44,9822/0735,4352820D-226D-4FA6-987C-BB96FE95B96F
6291992A-3404-45DD-B720-4979BF37D799,,,9812/6555,
709FAB0B-48D9-4DAA-BDD0-49907067DC5C,,2013-05-17 16:15:16,9822/0685,59DE41B8-D56A-401C-BE0E-39CA6404D531
E7E3B747-73FC-42A2-9C58-49C945FE6FEF,2011-04-30 00:00:00,2008-03-01 00:00:00,9812/7085,
CC8AB6B9-4E17-46B5-BA8A-49CB8B864F82,,2006-07-01 00:00:00,9802/2910,7F042236-8D08-4927-A55A-7BE1557B6135
A6A5E44E-2FDC-4687-8D5E-4A23643DF004,2005-08-31 09:46:47,2003-06-17 00:00:00,9802/7120,E6206E74-E250-492B-A203-F69326C31B4B
E4A6BF80-F8D6-4D8B-989A-4A6E8029D20B,,2011-02-01 09:01:13,9812/2170,FB1CD1A5-9047-4335-89DA-DF8139EC8172
73807418-6CC2-4716-A356-4B23684693EE,2004-07-27 11:55:40,1999-05-07 00:00:00,9802/2560,6F71BC1B-99E6-4B9A-9DD0-F2D279994F39
88141665-E007-482E-900E-4C699A159ACE,,,9822/0900,FB1CD1A5-9047-4335-89DA-DF8139EC8172
25BDC169-4A06-4D05-8955-4C904876CFC2,2006-01-13 15:12:58,2002-02-14 00:00:00,9802/9800,89FB1C3F-5F21-4FE9-A339-341AA83A5284
14C496B7-72A4-4BF9-A14B-4CB9183065C2,,2011-03-01 12:23:17,9822/0335,59DE41B8-D56A-401C-BE0E-39CA6404D531
A6267866-5143-4FC3-9205-4CBA68FBEA9D,,,9822/0345,01D72A7D-B1E6-4C44-9643-DCA8C8F95321
419898B6-EAAC-43E0-AEB2-4D0782BD7EC9,,2008-01-01 00:00:00,9812/2350,7F042236-8D08-4927-A55A-7BE1557B6135
42834EB3-4A6E-44DA-AF3C-4D2F2564ECBB,,2012-07-01 12:34:48,9822/0555,59DE41B8-D56A-401C-BE0E-39CA6404D531
EE7882F7-1B9F-43DF-A51B-4D85E6144F55,,2011-03-01 12:22:12,9822/0330,59DE41B8-D56A-401C-BE0E-39CA6404D531
D87D1502-54CA-4A65-B412-4DB7D1B606B4,1984-06-12 11:28:36,1980-06-30 00:00:00,9802/8100,89FB1C3F-5F21-4FE9-A339-341AA83A5284
7279B4F1-F28B-4294-927D-4DC2B251BC51,,2009-11-20 00:00:00,9812/3120,2675503F-282C-415E-875F-69B0A1EE808E
454486F0-4932-4881-BB2F-4E217D33F197,2012-04-01 00:00:00,2009-01-01 21:37:50,9822/0785,E6206E74-E250-492B-A203-F69326C31B4B
9A25194A-A705-435C-B4BE-4E4C9C8BEA55,2005-09-30 00:00:00,1997-04-15 00:00:00,9802/7920,E6206E74-E250-492B-A203-F69326C31B4B
92FFD61F-6BEB-4AEB-87B3-4E87DE827C53,2009-10-20 00:00:00,2006-04-14 00:00:00,9802/6320,586CAA7A-57D5-41CB-A5B2-3A602A5DBEAC
5306E9E4-544E-40F3-B4A3-4E8996BE873B,2004-01-30 00:00:00,2001-02-22 00:00:00,9802/4540,C6B07E15-C6D7-4F64-B159-DE57C9118FFF
2BFFE74F-7C61-471D-B0B6-4EA7E9FFA622,2002-03-29 14:45:55,1999-07-05 00:00:00,9802/9770,89FB1C3F-5F21-4FE9-A339-341AA83A5284
EEB3F310-A252-4A79-8485-4EC884C250A4,,2011-03-01 12:21:40,9822/0320,59DE41B8-D56A-401C-BE0E-39CA6404D531
AA845591-59A5-4C85-AFFF-4FD355B96B6B,,,9812/4280,6A35BF04-B5B7-4503-ADF8-B577DFFEC2D2
6F1BEAA1-F867-45AF-A68B-506C6C14A743,2008-06-30 00:00:00,2007-01-26 00:00:00,9812/7210,
C37CC3BD-E60A-4C29-A169-5157D6AB79FB,2002-02-28 11:46:09,1999-06-12 00:00:00,9802/8850,91A20DA3-5B80-4DA6-84ED-4BAA3300F810
B7ECEA3C-8339-4E47-BA23-516D52231ED4,,2010-06-10 15:47:34,9822/0185,
A66B13FF-8390-4E3C-8134-51894BD7B7BC,1984-06-12 11:26:57,1980-06-30 00:00:00,9802/8000,89FB1C3F-5F21-4FE9-A339-341AA83A5284
214EE9D9-20B6-4C4B-B065-51E0D7F770E4,,2007-09-07 11:18:26,9812/3290,6F71BC1B-99E6-4B9A-9DD0-F2D279994F39
C682C30B-26EB-48FC-981D-52788A2A9DCB,2003-03-26 00:00:00,1997-02-20 00:00:00,9802/7850,E6206E74-E250-492B-A203-F69326C31B4B
6C7ED725-FB6D-48D6-BF2E-52E1D3602C1A,1997-03-31 11:24:34,1995-08-01 00:00:00,9802/2350,6F71BC1B-99E6-4B9A-9DD0-F2D279994F39
2EC5EB33-B003-40E0-B020-52E5B9E18580,,2011-10-01 12:23:46,9822/0455,6F71BC1B-99E6-4B9A-9DD0-F2D279994F39
7AF93EB6-AE13-4B97-95A8-533582F8B303,,2007-09-01 00:00:00,9812/2020,FB1CD1A5-9047-4335-89DA-DF8139EC8172
4175BF10-2DC1-4C56-AEB5-53621223E752,,,9812/6550,
27FC800E-5EF2-4314-90F6-53AACED7CA56,,2012-11-12 16:55:35,9822/0515,6F71BC1B-99E6-4B9A-9DD0-F2D279994F39
6612F196-7F53-4C3F-BC89-53FE727B7DE3,,2012-07-01 10:21:01,9822/0530,B52A9096-4EFA-4004-BC6C-D0EA1E0BB202
60FD59E7-56A0-46E8-8774-54561CC35CCB,1997-07-25 11:23:15,1995-07-01 00:00:00,9802/2340,6F71BC1B-99E6-4B9A-9DD0-F2D279994F39
48F5B76B-C39E-44F5-A830-552A906D270E,2008-02-21 00:00:00,2005-07-18 00:00:00,9812/7010,E6206E74-E250-492B-A203-F69326C31B4B
986BFA18-0B79-43B8-96CB-554263DEA877,2007-03-07 00:00:00,2006-04-05 00:00:00,9802/3500,6C3FDBF7-7361-40C7-8468-C55F108EC244
46F4711F-66C1-474F-807A-55527E494C4E,1996-12-24 00:00:00,1995-09-26 00:00:00,9802/6210,4084957C-19B8-4D84-A10B-FB7F57923196
64848F24-1898-43AA-9B16-5613187279E4,2011-08-31 16:41:14,2005-11-21 00:00:00,9802/2740,6F71BC1B-99E6-4B9A-9DD0-F2D279994F39
579E925E-C2C0-48CC-A69C-57554375D327,2001-01-31 00:00:00,1999-04-02 00:00:00,9802/7840,E6206E74-E250-492B-A203-F69326C31B4B
2A97305B-36D6-4CD6-9CDA-5779EC4576B2,2012-02-23 00:00:00,2004-04-22 00:00:00,9802/9930,D31CFBF9-DDE1-42A0-B736-E7A83C63574D
1513C8F7-CD31-49C0-9BD7-57B17CA87BD5,,2009-09-03 13:30:47,9812/4130,
67AC257D-108F-4153-AEDF-57C3B71AB16C,,2006-08-31 00:00:00,9812/0060,91A20DA3-5B80-4DA6-84ED-4BAA3300F810
376FDE40-E0C1-4BC5-A65B-596826EDCA71,,2009-01-03 08:54:34,9822/1050,
F5CE40B9-8CD2-42A6-BD5B-59754084E78A,,2015-12-02 08:17:11,9822/1085,
569AFC00-5398-4B90-980B-5A04DDD3515F,,2009-03-04 13:53:54,9812/8000,
A48E43FA-DD6B-480E-ACAC-5AF02FBA741E,,2011-04-21 16:22:14,9822/0365,59DE41B8-D56A-401C-BE0E-39CA6404D531
B7E146B4-D34A-4703-BE8D-5B4CBBD2F760,,2013-05-16 16:11:00,9822/0675,
CF55E9CC-D026-42BC-8148-5B6EE21A411C,,,9822/1080,59DE41B8-D56A-401C-BE0E-39CA6404D531
EF24CFC5-D314-4A30-9288-5B9AF0231996,2010-10-12 00:00:00,2010-10-12 10:14:48,9822/0060,59DE41B8-D56A-401C-BE0E-39CA6404D531
CF12B8E9-D25F-4CAD-8342-5BC1F8404247,,2008-12-01 00:00:00,9812/5070,01D72A7D-B1E6-4C44-9643-DCA8C8F95321
B5F8A1C1-EFBF-4E24-B380-5BC90E0D604E,,2006-01-01 00:00:00,9812/2050,FB1CD1A5-9047-4335-89DA-DF8139EC8172
2AA9CA5D-EC6D-4E6A-BC9D-5BF9F3690982,1988-12-31 16:37:14,1988-05-01 00:00:00,9802/2600,01D72A7D-B1E6-4C44-9643-DCA8C8F95321
7EDB6888-D3A9-4357-882B-5C19240CA7FE,,2014-07-08 18:53:30,9822/0895,6F71BC1B-99E6-4B9A-9DD0-F2D279994F39
EE7AA2E6-1E52-474C-B782-5C2EB9C4F109,1996-10-24 16:48:56,1993-01-30 00:00:00,9802/4500,C6B07E15-C6D7-4F64-B159-DE57C9118FFF
EA1FF1EF-94ED-4447-B100-5C2F82745DF0,1985-09-30 17:00:52,1983-03-31 00:00:00,9802/5200,B52A9096-4EFA-4004-BC6C-D0EA1E0BB202
6981C9AB-91DA-4480-A4DD-5C80068DC243,,2011-02-01 09:14:21,9822/0220,6F71BC1B-99E6-4B9A-9DD0-F2D279994F39
E24A1629-81D6-4465-A480-5CB622F9463D,,2014-10-14 14:45:07,9812/9290,FB1CD1A5-9047-4335-89DA-DF8139EC8172
3934CCC5-A4D9-408B-A64A-5DD15F6A31BF,2012-04-30 00:00:00,2008-03-01 00:00:00,9812/7650,
251CB1BD-366C-4E47-B6C4-5DE131F4458E,,2012-02-10 04:39:25,9822/0505,59DE41B8-D56A-401C-BE0E-39CA6404D531
F5F6C3CB-D07B-4959-AE02-5E22508F874F,,2013-06-21 17:42:27,9822/0690,59DE41B8-D56A-401C-BE0E-39CA6404D531
8BF3C17A-B932-446B-A929-5E5BF34970D6,1988-01-25 16:28:42,1985-08-06 00:00:00,9802/2252,6F71BC1B-99E6-4B9A-9DD0-F2D279994F39
A7D5F8AE-E6CF-4673-9804-5E98D599C7E2,2007-12-06 00:00:00,2007-12-12 00:00:00,9802/4600,F39D3DD8-0457-49BA-AF3C-649829C9F291
F2A896BC-50AA-4796-BA0E-5EBF5E34085F,,2008-01-21 00:00:00,9812/5030,59DE41B8-D56A-401C-BE0E-39CA6404D531
F7F0B0C1-DED0-4BD4-834C-5EBF904AE33A,,2011-03-01 17:17:52,9822/0255,C95AB666-6E0A-413B-AEB4-27B07F6075BE
F3E69612-F7DB-4124-8176-5EC25E6B8B00,2002-08-30 15:09:36,2000-02-16 00:00:00,9802/9790,89FB1C3F-5F21-4FE9-A339-341AA83A5284
78626D28-F2C6-4F39-B7C3-5EF41C14CD2E,,2013-08-01 12:41:14,9822/0740,BF54B40E-231F-4D60-A128-279000C1D624
A8232EDA-DD10-4153-8AD8-5F62FC623687,,2013-08-01 12:40:03,9822/0730,6F71BC1B-99E6-4B9A-9DD0-F2D279994F39
B67880B9-750F-4F6E-8581-5F67A6B75176,2001-01-31 11:36:59,1997-09-23 00:00:00,9802/2440,6F71BC1B-99E6-4B9A-9DD0-F2D279994F39
1BEA1618-7249-409E-8E8D-5F78DE96F8E1,2007-04-26 12:04:50,2003-04-30 00:00:00,9802/2570,6F71BC1B-99E6-4B9A-9DD0-F2D279994F39
7B320CA9-C5A6-4D33-8824-60720B8A5516,,2012-02-14 12:24:52,9822/0470,
1C6EDBB4-B135-4F61-874C-60823E3C66B6,,2010-07-12 13:19:30,9812/4115,
42AFB9B3-B4A2-4B26-960E-6097CB97D936,2008-01-31 00:00:00,2005-07-01 00:00:00,9812/7020,
F6636B25-AFA0-42FE-9FFC-60AC2344ABBC,2011-07-31 00:00:00,2008-02-01 00:00:00,9812/7150,
C93BFB0B-D196-413F-A007-60E89D83702B,,2010-05-14 10:30:58,9822/0120,6F71BC1B-99E6-4B9A-9DD0-F2D279994F39
604BC4D1-807E-4D17-9FFE-616EBB632D99,,2009-11-01 15:15:18,9812/5200,01D72A7D-B1E6-4C44-9643-DCA8C8F95321
532784C5-467D-49DC-9166-61C34EB28863,,2012-01-01 00:00:00,9812/3230,6F71BC1B-99E6-4B9A-9DD0-F2D279994F39
11E57F65-5B66-4049-A591-61DFF84CE3FE,,2013-05-14 23:23:35,9822/0670,4352820D-226D-4FA6-987C-BB96FE95B96F
F3CFA841-7906-4816-A5F6-6235178196AF,2009-06-30 00:00:00,2008-07-03 00:00:00,9802/6550,6C3FDBF7-7361-40C7-8468-C55F108EC244
1F0A7AB3-6CBD-4079-A1CC-62588BC3C71A,2001-01-26 11:35:45,1997-11-25 00:00:00,9802/2430,6F71BC1B-99E6-4B9A-9DD0-F2D279994F39
B2E94888-C652-489D-B98B-62B5228BA007,1999-04-28 11:37:34,1995-11-29 00:00:00,9802/8830,91A20DA3-5B80-4DA6-84ED-4BAA3300F810
EC12132D-10AC-4210-9D4D-631DC6CF9448,,2013-01-30 10:11:37,9822/0625,FB1CD1A5-9047-4335-89DA-DF8139EC8172
43E68C73-368D-46F1-B5A4-6368525AB969,,2013-04-03 13:50:07,9822/0655,
42BFFAFB-4BD4-47C5-878D-638D70D88CF9,,2013-06-01 09:07:45,9822/0635,586CAA7A-57D5-41CB-A5B2-3A602A5DBEAC
A1CE08C9-97C3-44E6-ABDE-63BA87E77C02,,2013-05-01 12:36:26,9822/0660,4352820D-226D-4FA6-987C-BB96FE95B96F
F80052F1-CC6D-4338-81FB-63D7B5470292,,2010-08-05 15:47:13,9822/0170,4352820D-226D-4FA6-987C-BB96FE95B96F
94FE3D67-47D1-4C96-BDCC-64C158566242,,2014-09-01 10:18:07,9812/9230,FB1CD1A5-9047-4335-89DA-DF8139EC8172
72A6C779-F1B7-4372-BFDB-64C98AB63CC6,,2009-05-01 09:04:49,9812/6200,
2837056F-D622-4292-8B8A-65287FDC8323,,2012-12-01 09:05:55,9812/7710,
AA406670-4FB4-429C-8A56-652A5416D428,2006-01-13 15:17:11,2002-02-14 00:00:00,9802/9810,89FB1C3F-5F21-4FE9-A339-341AA83A5284
07D26640-8051-4E57-9301-65A2016E69A4,2004-11-24 17:31:15,2003-04-24 00:00:00,9802/5470,B52A9096-4EFA-4004-BC6C-D0EA1E0BB202
CA56BC2A-1738-4EF3-83B2-65B09F97EED5,,2009-10-14 14:16:09,9822/0025,B52A9096-4EFA-4004-BC6C-D0EA1E0BB202
46552F11-40D7-400D-8DFF-662C22888488,2009-03-31 00:00:00,2007-10-31 00:00:00,9812/3080,9C06D500-E638-4C55-B45D-DC52975F97DC
7BFAAE96-03E3-41E0-805F-66CC08309E26,1982-03-31 16:58:31,1979-01-01 00:00:00,9802/5000,59DE41B8-D56A-401C-BE0E-39CA6404D531
C4E32FD9-3684-42A5-A9B3-66EA9FFCDC3E,,2013-05-01 12:36:53,9822/0665,
49236DD0-26CB-4088-9511-6730664B5FA0,1991-01-29 11:54:40,1984-02-22 00:00:00,9802/2550,6F71BC1B-99E6-4B9A-9DD0-F2D279994F39
ED3C15E5-DEBB-47E2-856F-674477444DDA,2010-11-05 00:00:00,2005-12-16 00:00:00,9802/5530,B52A9096-4EFA-4004-BC6C-D0EA1E0BB202
CDE49501-83D0-4236-A731-67DBF14F7CA6,2008-12-16 00:00:00,2008-06-24 00:00:00,9802/3510,6C3FDBF7-7361-40C7-8468-C55F108EC244
9468A357-1462-42E6-9EB5-67DD8901C236,,2010-03-17 15:56:07,9812/5100,
7FE5C75B-E044-485A-B478-67F7B0723B25,,2008-11-21 13:01:45,9802/4890,8ACF0782-5046-4AA2-ABB2-67AFC900A318
8F01E620-FF19-4161-A8D6-683E7748607B,,2007-12-01 00:00:00,9802/1030,4352820D-226D-4FA6-987C-BB96FE95B96F
EA26207A-DC92-4315-A774-68905A9A950A,,2014-08-05 17:19:02,9822/0930,59DE41B8-D56A-401C-BE0E-39CA6404D531
FC1D7CAD-9F06-486D-B818-68E33597A8FF,,2014-10-06 11:22:35,9822/0920,7F042236-8D08-4927-A55A-7BE1557B6135
F757662B-6373-427B-888E-69E76D3754D2,,2014-09-01 10:07:20,9812/9235,FB1CD1A5-9047-4335-89DA-DF8139EC8172
8E9FCAE2-1E73-4C4B-9B4F-6A6751598036,2008-10-30 00:00:00,1998-04-10 00:00:00,9802/0210,E0E4CD49-AD64-44E4-9937-78FFEDE53BE9
C91F2248-9FD1-4D28-B068-6ADA211CE7A0,2015-03-31 00:00:00,2010-04-07 11:59:48,9822/0075,C95AB666-6E0A-413B-AEB4-27B07F6075BE
01EC565D-D15B-43F2-B32F-6AE6449BDC2B,2003-03-24 00:00:00,2003-02-28 00:00:00,9802/7859,E6206E74-E250-492B-A203-F69326C31B4B
8E88FDE1-1C02-44E1-9BCA-6B074E8441BF,2008-04-28 00:00:00,2005-11-22 00:00:00,9802/5510,B52A9096-4EFA-4004-BC6C-D0EA1E0BB202
BE0EF8BD-5A12-417C-A009-6B1A6DDBC4A1,,2011-12-19 17:26:08,9812/2180,6A35BF04-B5B7-4503-ADF8-B577DFFEC2D2
38B48BF4-D8BE-4A00-8C1B-6BC6441075C5,2007-02-08 00:00:00,2006-05-26 00:00:00,9802/6530,6C3FDBF7-7361-40C7-8468-C55F108EC244
96A295AA-F004-4ADD-B961-6BCC581A39F9,,2014-09-01 10:08:10,9812/9200,FB1CD1A5-9047-4335-89DA-DF8139EC8172
67AD9259-F8DE-4922-8416-6C34A70AB669,2006-02-14 16:48:22,2003-07-24 00:00:00,9802/4210,2675503F-282C-415E-875F-69B0A1EE808E
838FBC7D-8500-453A-851C-6C591C40D3B1,1985-03-25 09:26:52,1982-03-19 00:00:00,9802/7000,E6206E74-E250-492B-A203-F69326C31B4B
D8BC53AF-5C6E-47A3-A70C-6CFF82114F10,,2010-07-12 13:30:57,9812/3295,
C26A5BD4-1BB2-4D3C-BDE5-6DA094484687,2009-01-16 00:00:00,2006-10-23 00:00:00,9802/6520,6C3FDBF7-7361-40C7-8468-C55F108EC244
47DA8A76-F32B-454D-8D61-6E30957A957C,2007-06-29 00:00:00,2006-03-10 00:00:00,9802/5640,8051DE7A-12ED-4D7A-85F2-1CBFA46B44DA
6C5EA721-D98E-4C51-A2AE-6E5583F6EB6E,2003-03-22 13:02:33,2001-03-15 00:00:00,9802/2650,6F71BC1B-99E6-4B9A-9DD0-F2D279994F39
8613EA02-197E-4945-BEF7-6E90AAC82F1D,,2008-11-21 13:00:37,9802/4870,8ACF0782-5046-4AA2-ABB2-67AFC900A318
30BC32FD-4351-4FFA-B5E3-6EBC20DA2660,2008-01-31 00:00:00,2005-09-30 00:00:00,9812/7040,
E615B784-25EB-4488-88FB-6EC585C92309,,2008-07-20 17:11:58,9802/4650,8184791B-FFAE-4080-BAD1-FF26C71DA4D8
B58C777F-C405-4FD3-81B6-6F1FF8AFA1DA,2006-01-24 12:15:42,2002-01-29 00:00:00,9802/8890,91A20DA3-5B80-4DA6-84ED-4BAA3300F810
DB77055D-1C8D-423C-9CD7-6F2419CD32C4,2000-02-16 00:00:00,1997-12-11 00:00:00,9802/4525,C6B07E15-C6D7-4F64-B159-DE57C9118FFF
2E03E03B-F672-4217-8C35-6FDBC81A4574,2011-07-27 16:44:44,2005-04-14 00:00:00,9802/2760,6F71BC1B-99E6-4B9A-9DD0-F2D279994F39
80BD0152-2D29-4209-897D-70166D884930,2011-05-26 00:00:00,2007-03-30 00:00:00,9802/5840,59DE41B8-D56A-401C-BE0E-39CA6404D531
80D33E6F-C7F8-4D26-8277-7141DA53948C,1988-04-07 11:33:51,1984-03-02 00:00:00,9802/8600,89FB1C3F-5F21-4FE9-A339-341AA83A5284
0D08AB21-AB83-4971-A055-718C2027975E,,2008-08-03 15:53:58,9812/5090,59DE41B8-D56A-401C-BE0E-39CA6404D531
C4CE965C-C151-404B-97ED-71B56215E292,1998-11-13 11:38:49,1997-04-24 00:00:00,9802/2460,6F71BC1B-99E6-4B9A-9DD0-F2D279994F39
9A0F9F42-3950-4523-9262-71C0AC1C0963,,2008-12-01 10:15:12,9802/5560,01D72A7D-B1E6-4C44-9643-DCA8C8F95321
24B444F8-C1A0-421F-AE34-7256C2732E60,,,9822/1010,59DE41B8-D56A-401C-BE0E-39CA6404D531
A9D33BF4-6EA6-4C80-B411-726BC401C13E,2007-09-28 00:00:00,1999-02-09 00:00:00,9802/5680,8051DE7A-12ED-4D7A-85F2-1CBFA46B44DA
DE061759-6B07-4590-92FE-731FF7BFA665,1996-12-24 00:00:00,1991-12-02 00:00:00,9802/5750,59DE41B8-D56A-401C-BE0E-39CA6404D531
75E61619-F85C-411D-B801-73428282E058,,2014-06-23 17:17:36,9822/0885,89FB1C3F-5F21-4FE9-A339-341AA83A5284
E53DE22B-D653-4851-9887-738D66D1752A,,2011-02-02 22:21:48,9822/0315,59DE41B8-D56A-401C-BE0E-39CA6404D531
BE21E7F4-CC36-4689-8C36-7394AF48D2AF,2006-03-15 17:36:19,2003-07-18 00:00:00,9802/5670,59DE41B8-D56A-401C-BE0E-39CA6404D531
6612AF3E-90EB-40FE-BC94-73CC0C305C77,,2010-12-06 12:04:06,9822/0275,8ACF0782-5046-4AA2-ABB2-67AFC900A318
78221527-771C-4E8D-9A30-740D59C8F4BD,2008-04-17 00:00:00,2003-04-30 00:00:00,9802/5480,B52A9096-4EFA-4004-BC6C-D0EA1E0BB202
635C1EE2-6D47-41D0-B2AF-741AD440118D,2010-03-10 00:00:00,2008-10-20 00:00:00,9802/6310,586CAA7A-57D5-41CB-A5B2-3A602A5DBEAC
BFACD655-41FC-45E7-8B8D-753E0215219E,,2008-05-01 00:00:00,9802/4960,8ACF0782-5046-4AA2-ABB2-67AFC900A318
C52F8B82-A08E-440E-90B6-753E446C6447,,2012-12-18 11:33:51,9812/7705,
6074B37D-0382-4F02-9B94-754F37A6F3C7,,2009-03-26 08:47:54,9812/2140,FB1CD1A5-9047-4335-89DA-DF8139EC8172
DFEED3AC-B0CC-45C8-B5CB-759D65A89A64,2000-02-15 11:40:08,1997-04-30 00:00:00,9802/2470,6F71BC1B-99E6-4B9A-9DD0-F2D279994F39
92B0AD76-B033-4416-9838-75D336713A9F,,,9812/4210,6A35BF04-B5B7-4503-ADF8-B577DFFEC2D2
036FDD59-58BF-4C5D-8310-76642B5777C2,,2008-10-31 00:00:00,9802/5830,59DE41B8-D56A-401C-BE0E-39CA6404D531
97939FEA-4FCA-4E59-8B77-768C5E339FC4,1998-11-13 11:27:57,1997-04-01 00:00:00,9802/2380,6F71BC1B-99E6-4B9A-9DD0-F2D279994F39
A3DCE42E-AC87-4141-BD95-76D03B42B5C5,,2005-11-01 00:00:00,9802/4745,BF54B40E-231F-4D60-A128-279000C1D624
93B21372-40A8-41E3-98E6-770A61EA2667,1986-02-12 15:34:29,1981-12-31 00:00:00,9802/7300,E6206E74-E250-492B-A203-F69326C31B4B
4BDF6B96-5851-4CD1-9825-77B4DE8DC4A7,,2011-05-01 10:33:07,9822/0065,
574DAE28-3E74-435C-AC9D-77D892900955,,2007-11-01 00:00:00,9802/4790,BF54B40E-231F-4D60-A128-279000C1D624
1378842D-1CA5-4B79-89FA-77DD1C8839C0,,2008-07-31 00:00:00,9812/5040,59DE41B8-D56A-401C-BE0E-39CA6404D531
12D5D132-9F9E-497D-A54B-77FDB97E69A6,,2012-07-01 12:35:21,9822/0560,B52A9096-4EFA-4004-BC6C-D0EA1E0BB202
4D530D11-204E-4877-8B3D-786CBD91C765,,2013-05-20 15:17:13,9822/0695,8ACF0782-5046-4AA2-ABB2-67AFC900A318
B4E70D9B-F056-4C6D-A364-7886EA1B183C,,2005-12-31 09:40:25,9802/4746,BF54B40E-231F-4D60-A128-279000C1D624
56F65ACD-71E9-424F-B360-7889DC9BEF85,,2009-08-27 11:55:14,231/99900,01D72A7D-B1E6-4C44-9643-DCA8C8F95321
74F9852B-EABE-4E05-92A8-7963B72FB62E,1995-08-30 10:58:04,1988-10-31 00:00:00,9802/2280,6F71BC1B-99E6-4B9A-9DD0-F2D279994F39
44B1C06B-C040-40F3-958B-79A36470A5FE,1997-03-24 11:20:14,1994-08-31 00:00:00,9802/2320,6F71BC1B-99E6-4B9A-9DD0-F2D279994F39
C438BA92-C371-410D-A79B-79C1289041C0,2008-02-29 00:00:00,2005-07-29 00:00:00,9802/5790,59DE41B8-D56A-401C-BE0E-39CA6404D531
3D07AAB8-2F69-4544-804F-7A053E965885,,2016-03-24 19:37:39,9822/1095,59DE41B8-D56A-401C-BE0E-39CA6404D531
FAD0D025-342B-45EC-8C43-7AB0C637E1CF,1996-03-11 00:00:00,1993-06-21 00:00:00,9802/7900,E6206E74-E250-492B-A203-F69326C31B4B
A68B8CE3-E589-4255-8C12-7B67A4C49987,,2015-01-22 12:51:56,9812/9305,
AE0A1379-8B84-4AF9-9926-7BD535C5142C,,2015-01-01 08:21:29,9822/0905,FB1CD1A5-9047-4335-89DA-DF8139EC8172
3AA9A502-2D7F-4155-87B0-7C02D37DE0BE,,2007-07-01 00:00:00,9812/4000,
3F9CB34F-1DAA-4DFB-A52C-7C0F07FB71CE,,,9812/4275,6A35BF04-B5B7-4503-ADF8-B577DFFEC2D2
2A6D4EDC-81E2-4B6D-899D-7C3BD3EFA219,2013-02-19 00:00:00,2013-02-19 00:00:00,9812/3070,
4D7FBB19-A32E-486B-8A28-7CD9CFEB1BB1,2006-05-26 15:50:58,2006-05-26 00:00:00,9812/0050,89FB1C3F-5F21-4FE9-A339-341AA83A5284
C80FBFB9-5E68-47FF-B068-7D0B4F51CFA2,,2015-12-08 11:23:35,9822/1090,6A35BF04-B5B7-4503-ADF8-B577DFFEC2D2
9E042346-CAEA-48D9-B1D6-7D688A3070BC,2007-08-31 00:00:00,2003-12-11 00:00:00,9802/5870,59DE41B8-D56A-401C-BE0E-39CA6404D531
D0E42593-6A1A-4F05-9111-7D76DC0E2050,,2015-10-14 12:42:44,9822/1075,C6B07E15-C6D7-4F64-B159-DE57C9118FFF
DB3DCFE2-95C4-45AF-BC6D-7DA445882E18,,2014-10-06 11:22:48,9822/0925,7F042236-8D08-4927-A55A-7BE1557B6135
95283B4E-6564-4132-846B-7DD5F7FA4007,,2013-05-01 12:37:31,9822/0680,4352820D-226D-4FA6-987C-BB96FE95B96F
854CF60D-0573-4002-AB9C-7DFF55EE62B2,2002-02-15 11:50:27,2000-03-01 00:00:00,9802/8880,91A20DA3-5B80-4DA6-84ED-4BAA3300F810
1A1D39BC-321A-4A24-B988-7E281ED4939E,,,9812/6300,01D72A7D-B1E6-4C44-9643-DCA8C8F95321
09489261-9476-4EF1-9BDE-7E336C64830E,1998-03-31 00:00:00,1993-08-27 00:00:00,9802/6600,CBBC753F-26FB-439E-99C7-99F7067409EC
DE6590FF-55E4-4A74-A496-7ECAEAEC43A7,1990-01-24 10:56:59,1987-11-30 00:00:00,9802/2270,6F71BC1B-99E6-4B9A-9DD0-F2D279994F39
6634FAFD-D8AD-4B1E-BD02-7F0762208248,,,9812/4245,6A35BF04-B5B7-4503-ADF8-B577DFFEC2D2
F42815B9-2BE9-4293-A5EF-7F979600F1E2,,2008-06-01 00:00:00,9812/7280,
258268CA-27E6-4407-830D-7FF1A7590C2E,,2011-06-01 15:23:45,9822/0350,59DE41B8-D56A-401C-BE0E-39CA6404D531
E919631E-C273-43A5-AD3A-802C1EA9CA2F,1991-09-06 11:30:17,1988-02-18 00:00:00,9802/8550,89FB1C3F-5F21-4FE9-A339-341AA83A5284
312B8B10-DC71-4D95-8547-804EB5F2F84C,2004-01-22 00:00:00,1995-01-05 00:00:00,9802/7630,A2E464FA-1289-481A-B439-A6CBF5F0D0E5
B78A82D4-2B74-4DEB-A742-80649D220F11,,,9822/9999,
C252002B-5BC1-48B4-AE60-810DB9B3108E,2012-06-29 00:00:00,2008-06-06 00:00:00,9802/5550,2B0BB246-BF29-4B57-B9DC-62A80A3C112A
A97453D0-1F75-476E-B26A-81A12C987AF7,,2013-08-01 12:39:33,9822/0725,4352820D-226D-4FA6-987C-BB96FE95B96F
3357CE8D-8021-4F47-B993-81DBBECFF94F,2012-04-30 00:00:00,2008-04-01 00:00:00,9812/7350,
01CEA56E-AACC-46B3-A7B1-81E69260D8FE,,2007-03-01 00:00:00,9802/9850,89FB1C3F-5F21-4FE9-A339-341AA83A5284
2EBB5F91-D110-4930-B8EE-82879DE4D534,,2008-01-01 00:00:00,9812/2450,7F042236-8D08-4927-A55A-7BE1557B6135
2D35EF6F-9FFB-472A-8328-82A49685DA3A,,2008-05-01 00:00:00,9802/4700,BF54B40E-231F-4D60-A128-279000C1D624
671284B7-9AE7-4FAE-BE1C-836263885718,2013-02-19 00:00:00,2013-02-19 00:00:00,9812/0120,BF54B40E-231F-4D60-A128-279000C1D624
AA3EE362-2361-4A13-8458-839724378001,,2008-01-31 00:00:00,9812/3250,9C06D500-E638-4C55-B45D-DC52975F97DC
F49BF78C-C7E3-414C-82D6-84478D895B06,1996-02-29 00:00:00,1995-02-28 00:00:00,9802/6610,CBBC753F-26FB-439E-99C7-99F7067409EC
2AC36305-D00C-401C-8F9A-84BEE4BA7198,,2014-01-20 10:08:55,9822/0830,E6206E74-E250-492B-A203-F69326C31B4B
D8B4F92B-F777-4C93-80D2-84CFC9CCBFCA,1988-11-25 15:30:19,1983-09-30 00:00:00,9802/7250,E6206E74-E250-492B-A203-F69326C31B4B
DD715FCB-BCF8-411E-8486-84FC93D293A4,,2012-03-05 13:09:19,9822/0430,B52A9096-4EFA-4004-BC6C-D0EA1E0BB202
4BB71CDE-68D7-4C46-8CC8-850270622453,,,9822/1065,59DE41B8-D56A-401C-BE0E-39CA6404D531
41352C3B-EE42-49EB-92ED-852D2F42DCE9,1997-07-25 11:22:05,1994-11-01 00:00:00,9802/2330,6F71BC1B-99E6-4B9A-9DD0-F2D279994F39
CFB47DDC-A316-4437-B4C3-858FC30B94A6,2008-04-09 00:00:00,2004-03-12 00:00:00,9802/5780,B52A9096-4EFA-4004-BC6C-D0EA1E0BB202
D302888F-1849-4DDE-B57C-859E1C42C2FF,2012-01-26 00:00:00,2008-05-01 00:00:00,9802/0240,E0E4CD49-AD64-44E4-9937-78FFEDE53BE9
7FE911BA-D657-454B-8323-85C66462BA40,2012-07-11 00:00:00,2009-10-09 12:27:19,9822/0020,B52A9096-4EFA-4004-BC6C-D0EA1E0BB202
3F1DA851-B272-4D74-BBD6-85FEF3A291C7,2002-04-05 14:56:22,2000-06-29 00:00:00,9802/9780,89FB1C3F-5F21-4FE9-A339-341AA83A5284
2B3BDE3C-772B-4D46-9093-864077F32927,2000-06-28 17:21:43,1995-08-31 00:00:00,9802/5405,B52A9096-4EFA-4004-BC6C-D0EA1E0BB202
DC8C9D6A-9DC1-4C11-A48F-86E8B254D29A,,2006-01-01 00:00:00,9812/1050,FB1CD1A5-9047-4335-89DA-DF8139EC8172
F4399EC7-8126-48C9-B16E-87316813517C,,,ENGINES,01D72A7D-B1E6-4C44-9643-DCA8C8F95321
90077F66-73F3-44FE-B62A-879844A1AA2A,1997-01-09 12:26:36,1990-04-30 00:00:00,9802/9500,89FB1C3F-5F21-4FE9-A339-341AA83A5284
1CD9D992-C44E-4FF8-AEEC-880C5ACE768C,,,9812/4260,6A35BF04-B5B7-4503-ADF8-B577DFFEC2D2
4778AD79-600F-4E7A-94E0-88227E8DF222,,2011-03-01 09:05:23,9812/7180,
404CF84E-5E2E-4D1E-A0F8-883C3FF98276,,2012-03-01 12:29:12,9822/0525,
5870389B-051E-4408-8AE1-884751AF09FE,2001-02-07 14:36:40,2001-02-07 00:00:00,9802/9759,89FB1C3F-5F21-4FE9-A339-341AA83A5284
132C45CB-44F3-43F6-8AB6-8867F2BA321B,2009-04-28 00:00:00,2003-03-13 00:00:00,9802/6400,035BC774-80BE-4473-B5CE-B753B22E017C
23D374C2-F190-498B-BF55-8874A1263414,,2006-04-21 00:00:00,9812/3030,6F71BC1B-99E6-4B9A-9DD0-F2D279994F39
A0EC10C0-F147-40F8-A8C3-8889734A2A3D,,,9812/4285,
C2272868-69EE-4D88-BAA3-891BD0C9DBAE,,2015-04-28 15:58:44,9812/6800,
C71E70F7-AD71-4D69-90D1-893014BA4796,,2008-05-01 00:00:00,9802/4810,8ACF0782-5046-4AA2-ABB2-67AFC900A318
FE205B5A-AE48-4FF3-BD64-89FFA7EC723A,,2008-05-01 00:00:00,9802/4730,BF54B40E-231F-4D60-A128-279000C1D624
0E13CB9C-BBE3-4FC2-B3DA-8A1173E02D1C,,2008-05-01 00:00:00,9802/0230,E0E4CD49-AD64-44E4-9937-78FFEDE53BE9
6EF94EA3-632E-4DAF-A7B3-8A26A2B65075,,2008-05-01 00:00:00,9802/4820,8ACF0782-5046-4AA2-ABB2-67AFC900A318
DDBDE369-BB3B-43C7-AD47-8A3BEC89E371,,,9812/6850,
7E81FD0C-8B57-42AE-970D-8AFA34642A69,2012-02-20 00:00:00,2008-03-20 00:00:00,9802/5890,8051DE7A-12ED-4D7A-85F2-1CBFA46B44DA
31419166-944D-4AF2-8510-8B40C4E4A0E7,2000-02-16 16:33:25,1999-10-01 00:00:00,9802/2254,01D72A7D-B1E6-4C44-9643-DCA8C8F95321
778ED0AD-BD5E-4B8D-8492-8BA7CB0AECD2,2007-06-01 00:00:00,2007-06-01 00:00:00,9812/3210,01D72A7D-B1E6-4C44-9643-DCA8C8F95321
B6C69757-8F88-439B-A852-8BAC1A0B5E9F,2004-07-13 12:22:47,2002-11-29 00:00:00,9802/2635,6F71BC1B-99E6-4B9A-9DD0-F2D279994F39
0B59D65F-0377-4690-AD8B-8BD8A5459711,,2009-09-02 10:34:16,JS200PUNE,01D72A7D-B1E6-4C44-9643-DCA8C8F95321
B0A9D862-2596-4C94-9ED1-8C296F0E1820,2003-05-28 13:27:16,2000-04-29 00:00:00,9802/4200,2675503F-282C-415E-875F-69B0A1EE808E
396FA029-461A-4C72-B24D-8C6DEE1E4167,2006-05-16 13:17:28,2003-06-01 00:00:00,9802/2710,6F71BC1B-99E6-4B9A-9DD0-F2D279994F39
A1696C1D-A73F-4C08-B1E2-8C93B43D165E,,,9802/9995,01D72A7D-B1E6-4C44-9643-DCA8C8F95321
36DF86CF-A932-483E-8DCB-8CBA7E67905F,1993-02-10 13:25:07,1988-03-10 00:00:00,9802/4100,2675503F-282C-415E-875F-69B0A1EE808E
691EE36C-1C11-49BE-9915-8D00484390B4,2007-05-17 00:00:00,2004-07-26 00:00:00,9802/5690,8051DE7A-12ED-4D7A-85F2-1CBFA46B44DA
927DCDF7-73F2-441F-AD7F-8D27D9216B32,2011-02-10 00:00:00,2006-08-31 00:00:00,9812/2500,C6B07E15-C6D7-4F64-B159-DE57C9118FFF
28433462-0AE2-421D-9802-8D2959B74FBD,,2015-03-06 13:45:12,9812/2545,FF80B63B-0172-46B5-B9C5-4C6845EAE72B
4925670E-8126-44B0-8ED1-8D2E8FA90014,,2013-05-20 17:05:20,9822/0700,C95AB666-6E0A-413B-AEB4-27B07F6075BE
AAB74F66-F95D-444D-959F-8E40F0182BA6,2002-10-31 11:52:42,1997-07-22 00:00:00,9802/2540,9C06D500-E638-4C55-B45D-DC52975F97DC
1C9FE7E1-A66D-4603-A87B-8EA4D22EA563,,2006-01-01 00:00:00,9812/1000,FB1CD1A5-9047-4335-89DA-DF8139EC8172
C884C5F6-4D25-4AAA-AC60-8EE554B0B9D4,,,9812/4215,6A35BF04-B5B7-4503-ADF8-B577DFFEC2D2
5877DEBD-F158-4AFE-990C-8F7A5FFF2504,2009-10-29 00:00:00,2007-08-01 00:00:00,9802/5540,B52A9096-4EFA-4004-BC6C-D0EA1E0BB202
6F299AA3-CD95-41FA-85E8-8F7F4ECD89F9,1989-11-28 09:50:12,1985-03-18 00:00:00,9802/7500,E6206E74-E250-492B-A203-F69326C31B4B
C67469F8-D212-4C15-A6A8-8FA409944965,,,9822/0985,
52F67AA7-DF1D-4546-B953-8FBE1DD0C216,1992-01-01 11:01:02,1985-01-01 00:00:00,9802/2300,01D72A7D-B1E6-4C44-9643-DCA8C8F95321
729EA519-018D-455C-8BBB-9000926C5E77,2002-03-29 14:39:39,1998-01-07 00:00:00,9802/9760,89FB1C3F-5F21-4FE9-A339-341AA83A5284
895107CD-DDE2-44D6-9D74-908EFAAF2CF1,,2008-08-01 17:11:17,9802/4310,6C3FDBF7-7361-40C7-8468-C55F108EC244
DEA26654-F198-499E-A2F5-90FF98694020,,2013-10-17 17:38:50,9822/0775,59DE41B8-D56A-401C-BE0E-39CA6404D531
18EE85F4-44F5-4CF6-B88A-912348C7779C,,2009-09-21 10:03:59,9812/2150,8184791B-FFAE-4080-BAD1-FF26C71DA4D8
1777FB62-D2A7-4373-8F26-916DF67A974F,2006-06-12 13:18:54,2004-06-29 00:00:00,9802/2720,6F71BC1B-99E6-4B9A-9DD0-F2D279994F39
DD1AA3D1-2FCD-4881-9DE0-91E8AD447A18,,2014-04-01 08:47:54,9822/0865,FB1CD1A5-9047-4335-89DA-DF8139EC8172
3CB4EA65-87F3-4D08-BE74-92E4CCD0B18B,,2012-07-12 15:48:45,9822/0550,
6121E0D7-3AF1-4B36-AC62-92E64D7011D1,,2014-09-01 10:08:59,9812/9215,FB1CD1A5-9047-4335-89DA-DF8139EC8172
B242383D-1FE9-4C99-AC5D-92F6477863FA,2006-12-22 13:05:02,2003-01-31 00:00:00,9802/2655,6F71BC1B-99E6-4B9A-9DD0-F2D279994F39
C51647AF-A18A-4AE7-A47C-92F7CBC0A772,2014-02-03 14:07:36,2011-02-03 14:07:36,9822/0295,E6206E74-E250-492B-A203-F69326C31B4B
C4933BCE-141C-4C7E-B9FA-93083E082132,,2009-03-26 09:41:30,9812/2120,FB1CD1A5-9047-4335-89DA-DF8139EC8172
1E765EEF-1275-4701-8F86-930903956EC3,2007-11-29 00:00:00,2002-11-12 00:00:00,9802/6700,CBBC753F-26FB-439E-99C7-99F7067409EC
87D545F1-C858-41B6-B8E7-93D08197492B,,2006-11-07 00:00:00,9812/3060,6F71BC1B-99E6-4B9A-9DD0-F2D279994F39
612E709C-BB13-45B5-9827-93E150C9D528,2009-11-27 00:00:00,2003-03-31 00:00:00,9802/5490,2B0BB246-BF29-4B57-B9DC-62A80A3C112A
FBF61C80-AF95-4934-B562-943B3DB97B48,1995-12-11 00:00:00,1992-01-10 00:00:00,9802/5850,59DE41B8-D56A-401C-BE0E-39CA6404D531
B2AF95E1-A20A-4A11-BBD2-94BEC88B0C5B,2012-04-30 00:00:00,2008-03-01 00:00:00,9812/7450,
96FC21A9-0B08-4BE8-ABC7-950E69123284,,2010-07-21 14:52:47,9812/2160,FB1CD1A5-9047-4335-89DA-DF8139EC8172
A3CB7A9F-0699-4501-8379-95187A5B5508,2011-07-21 00:00:00,2006-05-08 00:00:00,9812/3000,6F71BC1B-99E6-4B9A-9DD0-F2D279994F39
21BCFCD5-505A-4CF3-BD15-9627E773DFD1,,2012-04-30 14:16:23,9822/0300,E6206E74-E250-492B-A203-F69326C31B4B
12AE9337-FF0F-4E44-9148-9653C05DDC7D,2012-04-30 00:00:00,2007-02-01 00:00:00,9812/7300,
BD7B1C01-2FC4-48C3-8148-97281C5E5454,1994-06-20 17:04:43,1989-03-16 00:00:00,9802/5400,B52A9096-4EFA-4004-BC6C-D0EA1E0BB202
E7A48B23-5F31-483D-B77E-97ACDF082FBB,2010-05-23 00:00:00,1996-12-09 00:00:00,9802/6220,4084957C-19B8-4D84-A10B-FB7F57923196
F2F92C32-B17C-4BD4-8DE7-97AE9870CFFE,2010-04-01 00:00:00,2009-11-01 00:00:00,9802/4610,F39D3DD8-0457-49BA-AF3C-649829C9F291
390AACCE-AC49-4064-8507-97B581E99C79,,2005-11-01 00:00:00,9802/4710,BF54B40E-231F-4D60-A128-279000C1D624
EB8A3FBB-46A6-42C5-8E59-97EE89E067ED,,,PT/0001,01D72A7D-B1E6-4C44-9643-DCA8C8F95321
8A1DDAB5-3039-46EE-8F11-983EEE5CB09D,,2014-09-01 10:10:12,9812/9255,FB1CD1A5-9047-4335-89DA-DF8139EC8172
3940ADAB-6B7F-40A4-B9A1-9841EFA7CB21,,2010-12-01 13:17:40,9822/1045,
0C206810-7ABF-428C-83FE-98A5E7DABB0D,,2014-09-01 15:32:43,9812/9295,
EDC3B39D-64FB-40DA-BD33-98FCDFA2D1DE,2004-07-08 17:34:46,1996-12-11 00:00:00,9802/5660,8051DE7A-12ED-4D7A-85F2-1CBFA46B44DA
C5174391-4C60-4812-A0B7-9A5AD6D7C0D4,,,9812/9210,FB1CD1A5-9047-4335-89DA-DF8139EC8172
BE31B224-D6EA-43B6-BA87-9A73383139B1,2008-09-03 11:35:35,2003-04-29 00:00:00,9802/8720,89FB1C3F-5F21-4FE9-A339-341AA83A5284
B0B31481-40A1-4DF1-83BE-9A830831A74E,,1997-12-15 00:00:00,9802/4520,C6B07E15-C6D7-4F64-B159-DE57C9118FFF
357A60D6-4C21-4871-ADD0-9AD7F9696E81,1987-09-10 10:51:14,1981-10-30 00:00:00,9802/2250,6F71BC1B-99E6-4B9A-9DD0-F2D279994F39
424802DC-9061-42E7-B936-9ADB2B9EF145,,2009-06-10 17:04:23,9812/4110,
32A6EEB2-58CB-4A73-82E1-9ADEB220C66E,2006-03-31 17:29:19,2002-02-05 00:00:00,9802/5420,B52A9096-4EFA-4004-BC6C-D0EA1E0BB202
1B5089C4-E114-4796-BD94-9B78E306B60E,2005-03-21 15:20:07,2003-05-05 00:00:00,9802/9830,89FB1C3F-5F21-4FE9-A339-341AA83A5284
410DD484-70F7-43B0-BD46-9BE3BE47FA2C,,,9822/0340,01D72A7D-B1E6-4C44-9643-DCA8C8F95321
2E5329E0-A915-4298-8736-9BF514E42693,1994-12-09 10:59:48,1993-11-15 00:00:00,9802/2290,6F71BC1B-99E6-4B9A-9DD0-F2D279994F39
3D7FC24C-CD5B-48FC-A83C-9BFD2918F082,,2014-09-01 10:12:02,9812/9240,FB1CD1A5-9047-4335-89DA-DF8139EC8172
061EED09-8764-439B-907A-9C56F28A0B71,,2007-12-01 00:00:00,9812/2100,FB1CD1A5-9047-4335-89DA-DF8139EC8172
FDD94F83-1B14-4669-BDBF-9CA9D992AEB8,1996-12-20 13:37:08,1995-07-27 00:00:00,9802/9710,89FB1C3F-5F21-4FE9-A339-341AA83A5284
6B3E2426-8D0A-4EC6-921F-9CDA9D1878FD,,2012-04-01 12:33:56,9822/0535,6F71BC1B-99E6-4B9A-9DD0-F2D279994F39
9D88CBDA-19DE-49B0-9F4A-9D21EF8B303F,2012-04-01 00:00:00,2007-06-18 00:00:00,9802/5990,8051DE7A-12ED-4D7A-85F2-1CBFA46B44DA
117B2B85-F503-4F12-8ADA-9D3036B83CFB,,2011-07-28 09:37:10,9822/0405,8051DE7A-12ED-4D7A-85F2-1CBFA46B44DA
06F36E38-00BC-4556-9A0E-9DB62B121662,1997-11-28 00:00:00,1996-12-23 00:00:00,9802/6630,CBBC753F-26FB-439E-99C7-99F7067409EC
6554322A-1AD1-4DA0-9BDA-9DC2ACD78D34,,2014-10-14 14:42:04,9812/9285,FB1CD1A5-9047-4335-89DA-DF8139EC8172
1343F69E-B432-4D1B-B126-9DD7BB896D24,,2007-04-01 00:00:00,9812/7250,
39446149-DAF9-4C14-A4D1-9E4B008B63DC,2013-04-01 00:00:00,2009-01-01 19:49:54,9822/0780,E6206E74-E250-492B-A203-F69326C31B4B
7F6D7439-5905-4539-B12F-9F79FE54F8D5,,2012-07-01 13:30:13,9822/0540,2B0BB246-BF29-4B57-B9DC-62A80A3C112A
8DC051F9-8F26-4EC1-BC9A-9F7ECCC93CF3,,2010-05-01 08:59:51,9802/4915,F39D3DD8-0457-49BA-AF3C-649829C9F291
467F9B0F-2F15-49E3-A4A5-9FB091F46E4E,2001-02-27 11:32:47,1997-04-29 00:00:00,9802/2410,6F71BC1B-99E6-4B9A-9DD0-F2D279994F39
257C3996-4179-4EBE-8727-A056DD4CCD4D,,2010-05-04 10:27:41,9822/0130,4352820D-226D-4FA6-987C-BB96FE95B96F
C828C4AC-DD45-4962-BFDB-A0AE77030B8B,1995-10-05 00:00:00,1994-03-03 00:00:00,9802/6200,4084957C-19B8-4D84-A10B-FB7F57923196
8EEEC79B-7AB9-4B0A-8631-A0C8F4DBD042,,2013-12-05 10:36:32,9822/0825,A2E464FA-1289-481A-B439-A6CBF5F0D0E5
E9AFEAD6-D459-4ED6-9102-A101412D6389,,,9812/9310,
45FCDF26-D621-430F-8A05-A1CACEF10FFB,2002-03-27 00:00:00,1997-11-29 00:00:00,9802/5910,59DE41B8-D56A-401C-BE0E-39CA6404D531
B5E11F78-47CF-4059-AC9D-A1ED1F97404B,,2013-06-24 08:40:17,9822/0715,
EB5E72B5-3B7D-490B-AEA3-A23F1152E222,,,9851/9999,01D72A7D-B1E6-4C44-9643-DCA8C8F95321
F6495B8D-3C44-4C06-9DCD-A390302B5A46,2009-09-15 00:00:00,2004-10-25 00:00:00,9802/5520,B52A9096-4EFA-4004-BC6C-D0EA1E0BB202
14FDFF29-DF8A-444D-BD9C-A3A5950A74D5,1998-01-01 11:41:24,1998-01-01 00:00:00,9802/2480,01D72A7D-B1E6-4C44-9643-DCA8C8F95321
A053D83C-728D-4CB7-8B02-A4261C1D659B,,2009-08-01 15:04:50,9802/4660,BF54B40E-231F-4D60-A128-279000C1D624
39180AF3-1F7A-481F-805D-A47683539EB9,,2013-03-29 09:22:23,9822/0565,B52A9096-4EFA-4004-BC6C-D0EA1E0BB202
D09AD2E0-D73F-4364-B3AF-A4D0EF3C50BA,2008-04-09 00:00:00,2006-02-10 00:00:00,9802/0280,E0E4CD49-AD64-44E4-9937-78FFEDE53BE9
07AB4000-3FD0-44BB-AEEF-A5A14524727A,2009-03-26 00:00:00,2006-05-10 00:00:00,9802/9310,6C3FDBF7-7361-40C7-8468-C55F108EC244
6BCE6BDD-EEC1-4575-9151-A5CE1D5ABAA4,2008-03-01 00:00:00,2007-07-01 00:00:00,9812/7100,
F38F9B7C-3227-4967-83CF-A5DDE7CC8611,,2006-10-30 00:00:00,9812/3050,6F71BC1B-99E6-4B9A-9DD0-F2D279994F39
F18F121C-DA8A-4E0C-AD8B-A6E73983251F,2005-12-08 09:33:42,2003-04-25 00:00:00,9802/7040,E6206E74-E250-492B-A203-F69326C31B4B
80EA3D68-C19B-4A09-84F3-A76D0A888F4F,,2015-01-30 08:52:49,9812/6600,
F2FEB9F4-6064-4FF1-9ACC-A80E1DEF8A8D,,2014-07-24 08:26:54,9822/0915,CB7F2C2B-B04F-4E34-8CE6-7CBD9AA46468
FE821564-EE71-4A5C-BF32-A85165670EEF,2005-09-27 11:53:38,2002-11-18 00:00:00,9802/2545,9C06D500-E638-4C55-B45D-DC52975F97DC
7A4D1705-807C-4CB2-AC30-A88291D87930,2008-04-25 00:00:00,2006-09-14 00:00:00,9802/5620,59DE41B8-D56A-401C-BE0E-39CA6404D531
5EABFE56-E4A8-4F48-9F1D-A9A8652B3214,,2011-11-30 00:00:00,9812/3220,6F71BC1B-99E6-4B9A-9DD0-F2D279994F39
E8EFFF77-F2D5-4512-8E1B-AA0104B47475,,2012-04-30 14:22:30,9822/0095,E6206E74-E250-492B-A203-F69326C31B4B
2EE3FAF2-62BF-474C-B27B-AA5B9499BB06,2012-01-26 00:00:00,2008-05-01 00:00:00,9802/0250,E0E4CD49-AD64-44E4-9937-78FFEDE53BE9
D6D13215-D778-4624-B286-AA660BCE4488,1997-07-28 00:00:00,1992-02-25 00:00:00,9802/5700,59DE41B8-D56A-401C-BE0E-39CA6404D531
9DFC1CF5-DE2E-4478-80E2-AAEA2121AB72,,2011-10-12 10:07:48,9822/0440,01D72A7D-B1E6-4C44-9643-DCA8C8F95321
1607ADF5-FB5E-487E-A184-AB290B8E558A,,,9822/0990,
7855BF4E-E7BA-4E29-A354-ABAAEC9CB5D4,,2008-07-01 00:00:00,9802/4620,8184791B-FFAE-4080-BAD1-FF26C71DA4D8
9A92AE68-3280-4229-85F9-ABE245823C56,,2013-05-21 12:04:09,9822/0710,6F71BC1B-99E6-4B9A-9DD0-F2D279994F39
1C88E8BD-136D-4CD5-89C9-AD52B80B89B2,2008-04-29 00:00:00,1997-08-25 00:00:00,9802/0260,E0E4CD49-AD64-44E4-9937-78FFEDE53BE9
6397F9C8-AD88-4D45-9B61-ADCE80AE4108,2011-03-11 00:00:00,2002-09-24 00:00:00,9802/7990,E6206E74-E250-492B-A203-F69326C31B4B
E548A044-ACEB-4BD3-9CB2-AE1B108D28AD,,2013-12-09 17:15:50,9822/0820,6F71BC1B-99E6-4B9A-9DD0-F2D279994F39
C27CCAF5-D54F-45B3-A335-AE2B964B6291,,2012-03-01 12:45:41,9822/0465,B52A9096-4EFA-4004-BC6C-D0EA1E0BB202
A794E475-8CB5-4D37-A0FC-AEBC33F53963,,2008-05-01 00:00:00,9802/4910,F39D3DD8-0457-49BA-AF3C-649829C9F291
0B079227-E76A-458A-AEDA-AEEEE62901C4,2002-02-21 13:08:30,2000-05-08 00:00:00,9802/2660,6F71BC1B-99E6-4B9A-9DD0-F2D279994F39
66CDE9BA-9EA2-4E9F-A86D-AF02D20E648D,,2014-03-21 15:24:19,9822/0850,59DE41B8-D56A-401C-BE0E-39CA6404D531
881B5343-A744-4BBB-8275-AFAC7370AD34,,2008-08-01 08:57:45,9802/4860,BF54B40E-231F-4D60-A128-279000C1D624
FB050B24-953E-4042-90B7-B033E4C1DDE8,,2008-05-01 00:00:00,9802/4940,BF54B40E-231F-4D60-A128-279000C1D624
83A9D44D-D5A0-4434-9777-B049C1D71FB3,,,9812/4270,6A35BF04-B5B7-4503-ADF8-B577DFFEC2D2
04A698CF-E1EC-407A-89BD-B069EA25AA76,,2012-03-01 17:48:51,9822/0240,C95AB666-6E0A-413B-AEB4-27B07F6075BE
34B1BE10-7E30-4C01-85DC-B0B4B1D28814,,2006-10-30 00:00:00,9812/3200,6F71BC1B-99E6-4B9A-9DD0-F2D279994F39
B2598148-8607-4BB2-ACE0-B1257C7127CB,1993-10-27 00:00:00,1991-06-20 00:00:00,9802/6500,CBBC753F-26FB-439E-99C7-99F7067409EC
22F17C71-3517-4078-98EA-B16B24D708ED,2008-06-30 00:00:00,2004-10-29 00:00:00,9802/5730,59DE41B8-D56A-401C-BE0E-39CA6404D531
CA2C02DB-926E-4C03-9624-B1F3C8056DF0,,2011-01-03 09:13:27,9822/0215,CB7F2C2B-B04F-4E34-8CE6-7CBD9AA46468
849BD144-327E-4DC7-AA0A-B219A5BC5BA8,,2014-09-12 09:20:05,9812/9265,FB1CD1A5-9047-4335-89DA-DF8139EC8172
AF6F4A62-4366-42A3-BD44-B224A1076DA6,,,9812/9330,FB1CD1A5-9047-4335-89DA-DF8139EC8172
947ACA30-7D56-4818-B80B-B3BA285BD5FA,2002-03-27 14:05:07,1996-03-04 00:00:00,9802/9720,89FB1C3F-5F21-4FE9-A339-341AA83A5284
D01C0DDC-25A5-49BC-9D47-B3C95514C72C,2010-07-26 00:00:00,2005-09-19 00:00:00,9812/0020,89FB1C3F-5F21-4FE9-A339-341AA83A5284
07003E8A-56FD-4227-A7C9-B42560CF2CCD,,,9812/4205,6A35BF04-B5B7-4503-ADF8-B577DFFEC2D2
FA535DE8-78CB-4DD7-91CF-B4CF9F47D862,2002-06-28 14:33:57,1999-04-09 00:00:00,9802/9750,89FB1C3F-5F21-4FE9-A339-341AA83A5284
D3597765-B975-4BF2-A44C-B4E7FD2A66A0,2003-04-30 17:24:02,1999-04-20 00:00:00,9802/5406,B52A9096-4EFA-4004-BC6C-D0EA1E0BB202
38DD0CB3-604D-4F67-B2B9-B58BE31EEEA4,,2013-01-18 10:25:17,9822/0615,
5DD5A3E5-E4CB-4A02-AE1C-B59ECF2620CD,2008-11-28 00:00:00,2004-06-14 00:00:00,9802/9300,6C3FDBF7-7361-40C7-8468-C55F108EC244
44422260-4EEA-4530-BE2E-B5F23212D4B3,2009-11-01 00:00:00,2009-11-01 00:00:00,9812/2510,01D72A7D-B1E6-4C44-9643-DCA8C8F95321
BF4DD17E-3D3F-40D8-8416-B7300CF66849,,2014-10-09 15:42:11,9822/0960,6F71BC1B-99E6-4B9A-9DD0-F2D279994F39
6EC002E0-E62D-4058-BC96-B738EFB9E798,2001-06-29 11:49:43,1996-03-15 00:00:00,9802/2530,9C06D500-E638-4C55-B45D-DC52975F97DC
26D44C26-2676-4881-9B99-B750421118D7,2003-06-24 00:00:00,1997-01-20 00:00:00,9802/7860,E6206E74-E250-492B-A203-F69326C31B4B
90F8A54D-8C61-47D5-8E22-B76AC73485D3,2007-07-26 11:20:39,2004-03-18 00:00:00,9802/7220,E6206E74-E250-492B-A203-F69326C31B4B
65B18EA0-B650-4437-A645-B77610F4DC52,,,9802/9990,01D72A7D-B1E6-4C44-9643-DCA8C8F95321
AB5387CC-D59D-4C2E-8B69-B7A48C2E16D0,,,9812/4250,6A35BF04-B5B7-4503-ADF8-B577DFFEC2D2
77F31E69-CE20-4AAC-A340-B7CBC7DB72EC,2012-10-31 00:00:00,2007-07-27 00:00:00,9802/6410,035BC774-80BE-4473-B5CE-B753B22E017C
A75DA86F-1720-43CA-8827-B8194FB1776C,,2011-05-23 12:39:34,9822/0325,59DE41B8-D56A-401C-BE0E-39CA6404D531
4E4A414C-76FF-4E0D-84D5-B8EA560CC563,1982-12-31 16:34:10,1973-03-01 00:00:00,9802/2400,59DE41B8-D56A-401C-BE0E-39CA6404D531
C3D6ADE4-4677-483A-8EBC-B98BCDEEA60B,,2012-07-24 15:06:56,9822/0575,E6206E74-E250-492B-A203-F69326C31B4B
5E2742C0-7A7F-4BA9-A32B-B9AF5DA9B3B3,1996-12-23 00:00:00,1995-07-13 00:00:00,9802/6620,CBBC753F-26FB-439E-99C7-99F7067409EC
A9AC5750-9E66-4B9C-8765-B9DCA259D765,,,9822/0265,59DE41B8-D56A-401C-BE0E-39CA6404D531
C19861FE-8B9A-4773-9422-BA3EFEFFA655,2005-09-13 15:27:28,2002-07-12 00:00:00,9802/9820,89FB1C3F-5F21-4FE9-A339-341AA83A5284
F9225F6D-0B10-4209-9DB9-BAD73EB3B1AF,1999-12-02 17:20:30,1994-06-30 00:00:00,9802/5404,B52A9096-4EFA-4004-BC6C-D0EA1E0BB202
38CB6262-679C-4CDD-BA47-BB087F97EB0A,,2012-02-10 09:46:44,9822/0510,59DE41B8-D56A-401C-BE0E-39CA6404D531
7A012BB9-11BC-4166-98F0-BBE3DB7C2852,2011-12-15 00:00:00,2006-09-14 00:00:00,9802/4570,C6B07E15-C6D7-4F64-B159-DE57C9118FFF
79756695-F57A-466C-9369-BBF50BE16E62,2003-04-30 11:34:45,2001-07-31 00:00:00,9802/8710,89FB1C3F-5F21-4FE9-A339-341AA83A5284
F3B49AAD-026D-456B-9DFC-BC1ACBE121AE,,2012-06-30 10:35:15,9822/0445,2B0BB246-BF29-4B57-B9DC-62A80A3C112A
0F86C0C8-EC17-4972-B6CF-BC5FF3C85005,,2014-09-01 10:15:02,9812/9225,FB1CD1A5-9047-4335-89DA-DF8139EC8172
0F6F7E0E-3F4C-4892-8E27-BC85C8EE6E5F,2003-03-31 17:27:31,2000-03-24 00:00:00,9802/5409,B52A9096-4EFA-4004-BC6C-D0EA1E0BB202
0D11AF9B-44C4-4A2B-9289-BCB1A6C1AADA,,2011-08-15 20:58:37,9822/0415,01D72A7D-B1E6-4C44-9643-DCA8C8F95321
FC93A922-4B6A-4027-8AA6-BDA0DD1ABBCF,2001-08-31 13:11:21,2001-07-17 00:00:00,9802/2670,6F71BC1B-99E6-4B9A-9DD0-F2D279994F39
1C71B22A-F2E2-4594-B22F-BDFDDED2120E,2002-11-23 00:00:00,2000-11-30 00:00:00,9802/6690,CBBC753F-26FB-439E-99C7-99F7067409EC
ADD4E1BE-E1DF-4C7F-8FFC-BE0B526F4042,2004-04-30 00:00:00,2000-12-22 00:00:00,9802/6680,CBBC753F-26FB-439E-99C7-99F7067409EC
732C1C07-A4E1-4A0B-8652-BE2D5EEBF26D,,2011-07-05 10:01:30,9822/0380,59DE41B8-D56A-401C-BE0E-39CA6404D531
D4862B19-6F45-43D9-A561-BE64D2774150,2011-03-29 00:00:00,2009-02-27 00:00:00,9812/3270,9C06D500-E638-4C55-B45D-DC52975F97DC
F958281C-83E2-4AF3-90C8-BFCBCC4041AF,,2011-02-28 10:25:43,9822/0285,6F71BC1B-99E6-4B9A-9DD0-F2D279994F39
2F768073-C64B-4FDF-82ED-C053BE5DA469,,2010-12-31 12:30:57,9822/0035,2B0BB246-BF29-4B57-B9DC-62A80A3C112A
6921229F-7295-44EE-80D8-C18D084E6159,,2012-02-14 12:25:52,9822/0475,
CAE15E3E-7396-429C-8DB2-C1EA33291EDF,1997-02-20 09:55:48,1994-04-01 00:00:00,9802/7750,E6206E74-E250-492B-A203-F69326C31B4B
CD3FBB5B-0ED8-4329-88DD-C246F17B3E74,,2011-03-01 17:16:21,9822/0245,C95AB666-6E0A-413B-AEB4-27B07F6075BE
3AA8418B-5CEE-4AC3-A8CD-C2CDE57C3F52,,2010-02-15 12:27:11,9822/0110,
58061CE2-D225-44B4-9FA3-C2CFF430D680,2005-10-14 09:52:13,2004-04-30 00:00:00,9802/7150,E6206E74-E250-492B-A203-F69326C31B4B
A94FC514-48A2-49EC-B226-C2F626B235C0,,2014-09-01 10:13:03,9812/9245,FB1CD1A5-9047-4335-89DA-DF8139EC8172
ABC722C8-9CE1-48F2-8C63-C3166F5DAA27,,2013-11-15 14:02:28,9822/0800,6F71BC1B-99E6-4B9A-9DD0-F2D279994F39
8E0C9489-2641-457E-961F-C3A86C4A5FCC,,2009-02-09 10:55:18,9812/6000,01D72A7D-B1E6-4C44-9643-DCA8C8F95321
FA97A573-EAD2-4321-AE78-C3CB6B083D8A,,2010-04-30 08:07:00,9822/0125,6F71BC1B-99E6-4B9A-9DD0-F2D279994F39
F7459528-C53F-4615-96B0-C4209F9949F9,2002-03-29 14:09:02,1997-02-24 00:00:00,9802/9730,89FB1C3F-5F21-4FE9-A339-341AA83A5284
93AEF721-330D-4094-A1EB-C42CA9D542ED,2003-03-07 00:00:00,2001-02-09 00:00:00,9802/7960,E6206E74-E250-492B-A203-F69326C31B4B
20FBFCD8-43D0-4B5D-89C4-C47896BA283B,,2005-12-23 00:00:00,9812/7080,
A0CEE63B-FA36-42C2-AE60-C4EA4B0032C7,,,9822/1020,59DE41B8-D56A-401C-BE0E-39CA6404D531
AD606B7B-EDCB-4437-B754-C51F25C14DA3,2009-09-04 00:00:00,2009-09-04 08:19:11,9812/4150,01D72A7D-B1E6-4C44-9643-DCA8C8F95321
017781BA-4197-466C-AA0B-C542C6F11E01,2012-03-01 00:00:00,2008-03-01 00:00:00,9812/5050,59DE41B8-D56A-401C-BE0E-39CA6404D531
4C4B53C0-4C65-4732-8624-C5AE24A3083B,2012-04-30 00:00:00,2008-05-01 00:00:00,9812/7400,
3C47CF3E-0404-48E3-8F81-C640478FD88E,2003-09-10 00:00:00,2001-11-07 00:00:00,9802/7980,E6206E74-E250-492B-A203-F69326C31B4B
C673F3B0-3842-4533-B2C6-C6FD266232F3,2003-04-17 12:20:10,2000-09-18 00:00:00,9802/2620,6F71BC1B-99E6-4B9A-9DD0-F2D279994F39
4D533722-94D6-44B0-ACCA-C7344300EDB1,,2013-10-07 15:22:53,9822/0760,91A20DA3-5B80-4DA6-84ED-4BAA3300F810
9B0FD43C-29FE-4E71-84DF-C830D36DB52B,2003-10-16 00:00:00,1995-08-30 00:00:00,9802/5860,59DE41B8-D56A-401C-BE0E-39CA6404D531
E811FE51-C777-4D72-92F0-C9E478FCBFB3,,,9812/4295,
24F5417A-4D1C-4B5D-A5C1-C9F97B9D8999,2002-09-30 11:48:07,1997-05-08 00:00:00,9802/2525,6F71BC1B-99E6-4B9A-9DD0-F2D279994F39
8DC0112B-3C95-41E7-921D-CA97260357BF,2005-12-19 10:41:36,2004-03-28 00:00:00,9802/7180,E6206E74-E250-492B-A203-F69326C31B4B
E48851D7-7881-414C-97D9-CBA9D36530D0,,2011-09-05 09:28:36,9822/0395,59DE41B8-D56A-401C-BE0E-39CA6404D531
59BD5606-623A-4803-A6DD-CBB1F9BE758C,,2013-10-25 17:51:22,9822/0795,FB1CD1A5-9047-4335-89DA-DF8139EC8172
CC87F856-323D-42C8-B4EE-CBCFA795C157,,,9802/fred2,01D72A7D-B1E6-4C44-9643-DCA8C8F95321
8F4BCD08-D420-4F5A-B4AD-CBF883CADD99,,,9850/9999,01D72A7D-B1E6-4C44-9643-DCA8C8F95321
94D9A621-CA54-4874-935D-CCF04362C361,,,9822/1000,6F71BC1B-99E6-4B9A-9DD0-F2D279994F39
4E0C4569-4A91-4736-87D0-CD22963B067A,2012-07-05 00:00:00,2008-03-12 00:00:00,9802/5590,B52A9096-4EFA-4004-BC6C-D0EA1E0BB202
0F91D5F1-0E0C-419E-AAF9-CD475B6ED56B,2011-09-08 00:00:00,2008-01-31 00:00:00,9802/6750,CBBC753F-26FB-439E-99C7-99F7067409EC
E4EFA1B7-827A-4064-B7B4-CE74A6676960,,2013-02-18 11:41:24,9812/2190,6A35BF04-B5B7-4503-ADF8-B577DFFEC2D2
2B45565E-5DB6-4686-84BA-CE7AF6E09882,2003-01-31 12:21:23,2000-12-14 00:00:00,9802/2630,6F71BC1B-99E6-4B9A-9DD0-F2D279994F39
7A95C92F-D07E-428F-BDE0-CECF2F07C4C9,2007-03-30 00:00:00,2004-08-27 00:00:00,9802/5740,59DE41B8-D56A-401C-BE0E-39CA6404D531
214C7893-1D95-4425-9B7E-CF009919348E,2005-04-14 17:24:47,1998-04-10 00:00:00,9802/5407,B52A9096-4EFA-4004-BC6C-D0EA1E0BB202
903305E7-3CEA-4FE4-9F85-CF0457183324,2010-04-30 08:22:23,2005-10-31 08:22:23,9812/3285,
A4E8831F-222B-425C-9461-CFB535AC82A4,2004-11-01 00:00:00,2004-11-01 00:00:00,9802/7170,E6206E74-E250-492B-A203-F69326C31B4B
88DF2965-E71D-4524-8415-D0218F758E9E,2012-12-06 00:00:00,2007-02-27 00:00:00,9812/3240,6F71BC1B-99E6-4B9A-9DD0-F2D279994F39
786581F6-D045-493C-BEAC-D0AF264FEAA7,,,9812/6900,
8C9CEA77-039B-4CE0-9510-D0EB9709AFA2,2006-02-03 13:16:10,2003-04-30 00:00:00,9802/2690,6F71BC1B-99E6-4B9A-9DD0-F2D279994F39
5FDCF6BB-1D0F-4685-9F32-D1057CC840EF,,2012-02-20 12:48:26,9822/0495,8051DE7A-12ED-4D7A-85F2-1CBFA46B44DA
A0213A3E-A5A2-4737-B381-D183A1356663,,2014-09-01 10:13:39,9812/9250,FB1CD1A5-9047-4335-89DA-DF8139EC8172
F84959E6-9945-4EFE-BCD2-D1B99BEFA45A,,,9812/4265,6A35BF04-B5B7-4503-ADF8-B577DFFEC2D2
41282880-1857-462C-8E85-D1BF713C8AB0,,,9812/4225,6A35BF04-B5B7-4503-ADF8-B577DFFEC2D2
93765621-CBA6-4405-9D98-D2F0B9E3899D,2000-02-23 11:41:11,1999-05-07 00:00:00,9802/8860,91A20DA3-5B80-4DA6-84ED-4BAA3300F810
6CD25B0D-0A37-4AD3-B38F-D3AD99BE8D77,,2010-07-21 09:05:38,9822/0165,4352820D-226D-4FA6-987C-BB96FE95B96F
C7F6198F-8961-452C-BBFA-D434FBD3BC2A,,2011-11-01 15:51:13,9822/0290,B52A9096-4EFA-4004-BC6C-D0EA1E0BB202
2A1FC610-ED18-45DD-B9EA-D47B435590D0,,2006-01-28 00:00:00,9812/3040,6F71BC1B-99E6-4B9A-9DD0-F2D279994F39
C497CF6A-4CEE-4C03-B928-D496B90E2D69,,2007-01-26 00:00:00,9812/7220,
4A362EF4-AB6E-4E3F-9D80-D4AA5EFE21F0,2007-03-22 13:23:35,2005-07-29 00:00:00,9802/2770,6F71BC1B-99E6-4B9A-9DD0-F2D279994F39
033131B5-B1D7-4768-9C0E-D4CCBE597EC5,,2012-11-21 16:09:29,9822/0605,59DE41B8-D56A-401C-BE0E-39CA6404D531
09D1279E-1F7A-46BD-8CDF-D5153938BC8D,,2014-08-21 18:19:06,9822/0950,6F71BC1B-99E6-4B9A-9DD0-F2D279994F39
891881ED-6FD8-4901-99DF-D56FB734A714,,,9822/1070,6F71BC1B-99E6-4B9A-9DD0-F2D279994F39
3A4AA17E-0E1C-4A50-B35B-D649809E9A90,,,9822/0910,FB1CD1A5-9047-4335-89DA-DF8139EC8172
5DE6D018-FFBD-40E9-A2D2-D65288E11F4C,2003-12-24 00:00:00,2000-11-30 00:00:00,9802/6670,CBBC753F-26FB-439E-99C7-99F7067409EC
A8A7002E-5816-415E-A985-D666ECA634A3,,2007-01-01 00:00:00,9802/4920,BF54B40E-231F-4D60-A128-279000C1D624
D73070E0-12D0-4D89-A8E3-D670A6872119,,2007-04-01 00:00:00,9812/2300,7F042236-8D08-4927-A55A-7BE1557B6135
4A1EE57B-E2F6-456C-BE26-D689DC19D06F,2008-11-28 00:00:00,2008-11-28 00:00:00,9812/3110,2675503F-282C-415E-875F-69B0A1EE808E
4BC587DB-E90E-497B-847D-D6DED64F0A53,2013-01-16 00:00:00,2009-10-09 13:28:35,9822/0010,B52A9096-4EFA-4004-BC6C-D0EA1E0BB202
24CFEB4C-A63B-42C1-9B0E-D766CA64B18A,,,9802/9900,01D72A7D-B1E6-4C44-9643-DCA8C8F95321
C99265E8-21A1-42E9-98A6-D77339412BA2,,,9812/9990,01D72A7D-B1E6-4C44-9643-DCA8C8F95321
2092E481-E80E-4477-9047-D7B8998B19DC,,2011-12-09 13:01:45,9822/0480,59DE41B8-D56A-401C-BE0E-39CA6404D531
ED7A182C-19D6-48F8-B6D0-D7FFE2BD77FA,,2008-05-01 00:00:00,9802/4760,BF54B40E-231F-4D60-A128-279000C1D624
981ED377-D917-44D3-9D09-D8D3EA4A806D,,2010-07-19 11:02:51,9822/0200,B52A9096-4EFA-4004-BC6C-D0EA1E0BB202
D9D621BA-DCC6-4CE8-BD7C-D8F6D61EDD7F,2011-10-11 09:41:56,2009-11-23 09:40:46,9822/0085,E6206E74-E250-492B-A203-F69326C31B4B
7B9C2C91-BB80-4C84-B5B5-DAD537E66878,,2013-09-12 13:42:58,9822/0755,2B0BB246-BF29-4B57-B9DC-62A80A3C112A
34A8AEE0-0EC0-4D9E-B169-DB99F10E63DD,,2014-06-24 16:49:22,9822/0890,59DE41B8-D56A-401C-BE0E-39CA6404D531
577D5659-C318-418D-8554-DBB7670EB500,,,9812/4255,6A35BF04-B5B7-4503-ADF8-B577DFFEC2D2
F7D0A3B1-114E-4830-B325-DBF59EA76A3B,,2012-05-01 10:15:58,9822/0360,
C31C458A-86BA-4112-AB13-DCB444D6E041,2013-01-09 00:00:00,2009-10-12 09:21:51,9822/0015,B52A9096-4EFA-4004-BC6C-D0EA1E0BB202
D0DD58C7-A7B8-4853-AE1F-DD0069A7356B,,2009-03-25 16:15:29,9812/2110,FB1CD1A5-9047-4335-89DA-DF8139EC8172
812DCE00-3C32-42DD-AC89-DD4CF63C6DA3,,,9812/4290,
8CD3A74D-F6BF-4822-A520-DD739AAE5E25,1999-10-15 11:33:56,1997-04-18 00:00:00,9802/2420,6F71BC1B-99E6-4B9A-9DD0-F2D279994F39
23E19C42-EC83-491C-80E9-DDC880890C93,,2009-09-07 10:48:45,9802/9970,01D72A7D-B1E6-4C44-9643-DCA8C8F95321
9FAC5832-572D-401E-A732-DE37B966BF71,,2011-03-01 17:17:07,9822/0250,C95AB666-6E0A-413B-AEB4-27B07F6075BE
13197B9C-B978-4D4E-A9A3-DE5175C51683,2011-08-18 00:00:00,2008-04-01 00:00:00,9812/5060,59DE41B8-D56A-401C-BE0E-39CA6404D531
0631E532-C657-415E-B172-DE598B8C4C78,,2006-01-01 00:00:00,9812/2000,FB1CD1A5-9047-4335-89DA-DF8139EC8172
5C93EE60-EBB6-4FB3-8E4C-DE8F165C76C0,,2014-05-26 17:16:57,9822/0880,4084957C-19B8-4D84-A10B-FB7F57923196
03DF8FA7-F22B-4F3C-907C-DEA28ECA704F,,2014-01-27 11:15:34,9822/0835,89FB1C3F-5F21-4FE9-A339-341AA83A5284
5EC2A7D0-87C8-48D3-90D8-DEE9B91E092A,,,9812/4200,6A35BF04-B5B7-4503-ADF8-B577DFFEC2D2
7497371B-5B28-4CB9-92D5-DF09E2E2374E,2007-07-30 00:00:00,2005-01-17 00:00:00,9802/4550,C6B07E15-C6D7-4F64-B159-DE57C9118FFF
0A664E59-C08E-45C5-B808-E005846A4CB9,2009-02-19 15:58:51,2006-12-28 00:00:00,9812/0100,89FB1C3F-5F21-4FE9-A339-341AA83A5284
0326A76C-7DAA-46B4-91A2-E0CA9AEFD6F8,2012-04-30 00:00:00,2008-02-01 00:00:00,9812/7600,
C4B53D96-BD09-436A-B18A-E0EDA887AADB,,2014-05-12 17:16:24,9822/0875,CBBC753F-26FB-439E-99C7-99F7067409EC
B1BB5230-3F6E-4B69-A67D-E18A92E8C920,2012-03-08 00:00:00,2005-11-04 00:00:00,9812/7000,E6206E74-E250-492B-A203-F69326C31B4B
BE9B9D2D-78DF-42B8-81BB-E19EB02F9148,2004-04-20 11:51:08,2001-06-29 00:00:00,9802/2535,9C06D500-E638-4C55-B45D-DC52975F97DC
DBC622E2-DB9E-4D82-ACB5-E2B5EE691EE8,2012-02-23 00:00:00,2004-04-22 00:00:00,9802/9920,D31CFBF9-DDE1-42A0-B736-E7A83C63574D
612272D6-8D33-416A-9FCE-E2FEEC43E45B,2007-03-31 00:00:00,2006-05-16 00:00:00,9812/3010,6F71BC1B-99E6-4B9A-9DD0-F2D279994F39
EE20A4BD-105E-4C6B-999A-E3071C610E49,,,9812/8010,
15120495-C8EB-4489-BDD5-E314258D46F9,,2008-01-15 00:00:00,9812/5020,59DE41B8-D56A-401C-BE0E-39CA6404D531
3A3AA820-154B-4EE4-9379-E352B07C0E6F,2013-01-15 00:00:00,2006-10-31 00:00:00,9812/3090,6F71BC1B-99E6-4B9A-9DD0-F2D279994F39
8E2568DE-AAC0-41B7-8654-E36149890B73,2003-10-23 00:00:00,1998-05-12 00:00:00,9802/7870,E6206E74-E250-492B-A203-F69326C31B4B
9C3D6292-408D-4012-A5F1-E366EE035E50,,2007-11-01 00:00:00,9812/1020,FB1CD1A5-9047-4335-89DA-DF8139EC8172
F51BAB49-10A1-48CB-A18A-E3B10581DD2C,,2014-09-01 10:15:49,9812/9220,FB1CD1A5-9047-4335-89DA-DF8139EC8172
2B549AA8-803A-4F27-BDF7-E3F7A63E7797,,2011-12-23 10:09:36,9822/0450,6F71BC1B-99E6-4B9A-9DD0-F2D279994F39
5A6234D9-B48D-4FC5-B182-E446984B33E4,,2005-09-13 00:00:00,9812/0030,91A20DA3-5B80-4DA6-84ED-4BAA3300F810
5E265C3E-6FD5-4419-B88E-E45929369C7D,,2014-09-01 10:14:11,9812/9205,FB1CD1A5-9047-4335-89DA-DF8139EC8172
EDB97E2A-9BB7-4AD2-A492-E4E356D9B2D1,,2014-09-16 15:54:52,9822/0600,2B0BB246-BF29-4B57-B9DC-62A80A3C112A
AE7A0671-BC4F-47B9-9D00-E50ABE16F482,1999-04-23 11:38:09,1995-12-04 00:00:00,9802/8840,91A20DA3-5B80-4DA6-84ED-4BAA3300F810
D35FC1E4-F7BC-4A64-8E30-E5809E207BD3,2004-06-25 12:18:12,2002-11-29 00:00:00,9802/2615,6F71BC1B-99E6-4B9A-9DD0-F2D279994F39
629D048D-B1DE-466F-8942-E59265A6A203,,2007-04-01 00:00:00,9812/2400,7F042236-8D08-4927-A55A-7BE1557B6135
208BB161-D353-4843-A892-E5D597A105FA,,2014-09-19 06:38:45,9812/9275,FB1CD1A5-9047-4335-89DA-DF8139EC8172
64FA20B4-ED9E-49BA-98D8-E67ED87E16A0,,1991-03-01 00:00:00,9802/9200,6A35BF04-B5B7-4503-ADF8-B577DFFEC2D2
470EB7BA-20BD-4398-A06A-E6F446FB9212,,,9822/0980,
01AED149-0E02-4CDF-B306-E721923905BA,2006-05-26 13:20:07,2004-07-29 00:00:00,9802/2730,6F71BC1B-99E6-4B9A-9DD0-F2D279994F39
EA0695B8-1162-4E5F-98F8-E74C4C755769,1996-03-14 00:00:00,1992-11-04 00:00:00,9802/5950,59DE41B8-D56A-401C-BE0E-39CA6404D531
FC1D48B2-7173-4A04-88B6-E7EB8E754CFE,2003-06-16 00:00:00,2000-05-03 00:00:00,9802/7880,E6206E74-E250-492B-A203-F69326C31B4B
9F5E74A7-53E2-493A-92FF-E9267FDC99AB,2011-09-26 00:00:00,2008-07-08 00:00:00,9802/6760,CBBC753F-26FB-439E-99C7-99F7067409EC
2A2C34D4-D340-41C1-82FA-EA50049256D1,1984-12-19 17:00:20,1981-03-30 00:00:00,9802/5100,59DE41B8-D56A-401C-BE0E-39CA6404D531
2F30A959-AAE0-4B94-A036-EB2D4A74ECCE,,2012-04-30 17:08:06,9822/0425,E6206E74-E250-492B-A203-F69326C31B4B
49815F69-AB4D-42D8-9BF0-EB3E48CC1CC7,2010-06-16 00:00:00,2010-06-16 16:38:13,9822/0030,B52A9096-4EFA-4004-BC6C-D0EA1E0BB202
E34A6BAF-F720-4D53-95CA-EB8DD274A1D5,2012-07-20 00:00:00,2006-09-14 00:00:00,9812/0070,89FB1C3F-5F21-4FE9-A339-341AA83A5284
5F5AA340-0988-489F-9A3D-EBADF6718146,,,9812/1010,01D72A7D-B1E6-4C44-9643-DCA8C8F95321
9B122BD2-B0D2-4BAC-9412-EBD436629780,,2009-03-25 16:15:55,9812/2130,FB1CD1A5-9047-4335-89DA-DF8139EC8172
7CEE9915-A65A-4EF9-AFCB-ECA2486EDD4C,,2009-11-04 13:03:39,9822/0080,E6206E74-E250-492B-A203-F69326C31B4B
836A0308-C729-4B65-ABCE-ECFD77BAA0DE,2007-03-31 00:00:00,2003-02-28 00:00:00,9802/5820,59DE41B8-D56A-401C-BE0E-39CA6404D531
8DEA9A79-C423-4B92-9634-ED45D57D1BA3,,2007-11-01 00:00:00,9802/4780,BF54B40E-231F-4D60-A128-279000C1D624
68A39B93-3E3E-4970-B145-ED4F0551EF51,2000-12-22 00:00:00,1998-03-31 00:00:00,9802/6660,CBBC753F-26FB-439E-99C7-99F7067409EC
8F1BCBD6-8147-4DAD-8890-ED5AD7DD4166,2011-06-02 00:00:00,2010-02-12 08:34:25,9822/0040,2B0BB246-BF29-4B57-B9DC-62A80A3C112A
17A7EBC5-D179-4B15-B47F-EDAB59FC538E,,,9822/1035,59DE41B8-D56A-401C-BE0E-39CA6404D531
A5E094B3-A060-4116-B2EC-EDB1BC2F0B31,2008-01-31 00:00:00,2005-12-15 00:00:00,9812/7060,
04E2454D-C720-44FC-857C-EDFFE9F8A531,1988-04-07 11:29:15,1984-03-03 00:00:00,9802/8500,89FB1C3F-5F21-4FE9-A339-341AA83A5284
2CDB6F22-6A07-4980-B4C6-EF42A61E7C24,,2012-09-17 10:24:07,9822/0580,035BC774-80BE-4473-B5CE-B753B22E017C
47E77250-4A69-46D7-98A3-EFA22CFD10FB,,2010-07-01 10:36:08,9822/0070,
50EE1918-7E78-4A96-8911-EFF4030C2EE5,,2008-05-01 00:00:00,9802/4720,BF54B40E-231F-4D60-A128-279000C1D624
B1F344EA-A77B-4A9B-9BCA-F009467F26E8,1997-05-20 12:35:24,1995-06-23 00:00:00,9802/9520,89FB1C3F-5F21-4FE9-A339-341AA83A5284
DC0A0C69-A306-41E9-A83B-F050A24766A4,,2012-03-01 12:26:40,9822/0520,6F71BC1B-99E6-4B9A-9DD0-F2D279994F39
8BFDE407-D251-491C-BF5A-F08EA4A7CC6D,,2014-04-02 10:01:36,9822/0870,C95AB666-6E0A-413B-AEB4-27B07F6075BE
F1B047FB-AFD7-45DC-A2A8-F0E8E8491F89,2003-09-10 00:00:00,2002-02-14 00:00:00,9802/7985,E6206E74-E250-492B-A203-F69326C31B4B
01D9242D-8F8A-46F8-845B-F104B6A046FD,,2007-09-08 17:18:14,9812/4160,
A6F62C60-BD77-4C15-B57D-F25DA32C5CB4,,,9812/9315,
F6223608-74A8-4334-83B1-F28FE9EC7CE6,2007-04-01 00:00:00,2007-04-01 00:00:00,9812/0090,01D72A7D-B1E6-4C44-9643-DCA8C8F95321
D7F2E86D-CDCC-4C09-98D3-F29726E47629,2000-05-23 00:00:00,1998-06-22 00:00:00,9802/5960,59DE41B8-D56A-401C-BE0E-39CA6404D531
2456FE6E-AE8B-4014-BB5D-F2D750586EEA,2010-03-31 00:00:00,2000-10-23 00:00:00,9802/5720,59DE41B8-D56A-401C-BE0E-39CA6404D531
5BCBE7C9-EEF7-4960-9A58-F32B59C25C2E,,2006-05-05 00:00:00,9812/3020,6F71BC1B-99E6-4B9A-9DD0-F2D279994F39
4F489904-6C09-46AB-B576-F33F058318F3,1981-01-01 11:22:52,1977-01-01 00:00:00,9802/6000,89FB1C3F-5F21-4FE9-A339-341AA83A5284
5D6FB8E4-9F63-4DC0-A7DC-F39C8C9C8FA0,,2011-07-28 15:29:11,9822/0385,B52A9096-4EFA-4004-BC6C-D0EA1E0BB202
961D56ED-CE85-451E-AC71-F3C894E7D313,,,9822/1025,59DE41B8-D56A-401C-BE0E-39CA6404D531
03A4EA08-4C96-4D89-9AC2-F40FD1DC98DD,2006-09-11 00:00:00,2000-07-18 00:00:00,9802/6230,4084957C-19B8-4D84-A10B-FB7F57923196
8CE4EE45-9A7C-4E55-8B77-F45384D30AD3,2008-01-31 00:00:00,2005-09-09 00:00:00,9812/7025,
32EDE3CE-67E6-4E97-8737-F4AD92DF1F05,2008-05-07 00:00:00,2004-07-30 00:00:00,9802/0270,E0E4CD49-AD64-44E4-9937-78FFEDE53BE9
8C5461EE-B416-4646-84D7-F4C63710823F,,2012-02-09 12:14:05,9822/0490,
9AA1B4F2-D560-4A3F-8F19-F50E63F7CFBF,2001-01-31 10:49:37,1999-09-24 00:00:00,9802/2240,6F71BC1B-99E6-4B9A-9DD0-F2D279994F39
4FFD0B4D-5D76-4F61-9C91-F56857BE54D5,,2014-04-01 08:46:14,9822/0860,FB1CD1A5-9047-4335-89DA-DF8139EC8172
A70C9B4A-BEDD-4222-AABC-F6EDFC0F4285,,2008-10-01 00:00:00,9812/7270,
FC8DEC56-8AD7-4D12-818F-F73D39B9D82B,2005-10-27 09:50:37,2003-09-11 00:00:00,9802/7140,E6206E74-E250-492B-A203-F69326C31B4B
C2FA5854-CAE9-462A-9974-F743C24BA029,2012-06-30 00:00:00,2010-07-28 15:47:36,9822/0045,2B0BB246-BF29-4B57-B9DC-62A80A3C112A
6F5DBF24-494F-4A41-9B49-F7837DC3A119,,2012-05-01 16:49:50,9822/0420,
52FE2691-5858-47B3-B9ED-F7C2A58929D9,2007-05-29 00:00:00,2005-12-16 00:00:00,9802/5610,59DE41B8-D56A-401C-BE0E-39CA6404D531
D32DCF18-63C4-413B-8970-F8E186056745,,,9802/9997,01D72A7D-B1E6-4C44-9643-DCA8C8F95321
A69CBC2A-5FBE-4936-97B2-F92467DA2B18,,2008-02-21 00:00:00,9802/4300,6C3FDBF7-7361-40C7-8468-C55F108EC244
2446D899-FFC2-47C8-8EB9-F92AF66CD7FD,,2012-12-13 09:28:54,9822/0570,B52A9096-4EFA-4004-BC6C-D0EA1E0BB202
512420F2-DA66-4D83-9AC0-F95843816FB5,,2007-10-01 00:00:00,9802/1010,4352820D-226D-4FA6-987C-BB96FE95B96F
2604B99D-A7E3-4A74-8192-F979EDBA2CB5,,,9812/6400,01D72A7D-B1E6-4C44-9643-DCA8C8F95321
51F1582C-4316-4C3F-9111-F9CBB0559AA6,2000-06-30 11:30:08,1997-11-01 00:00:00,9802/2390,6F71BC1B-99E6-4B9A-9DD0-F2D279994F39
C6C8B079-7199-48B8-8C0D-F9E520090196,2009-11-01 00:00:00,2009-11-01 00:00:00,9812/2530,01D72A7D-B1E6-4C44-9643-DCA8C8F95321
24D293FD-2296-4D5C-8818-FAC64B929E91,1987-06-24 10:42:58,1985-03-01 00:00:00,9802/2220,6F71BC1B-99E6-4B9A-9DD0-F2D279994F39
EAF7D222-BD87-45D9-829A-FAE2966A83DA,2004-11-05 00:00:00,2004-04-30 00:00:00,9802/7240,E6206E74-E250-492B-A203-F69326C31B4B
7ED8ECA3-9582-48DE-B581-FB0F2326800B,2007-05-22 00:00:00,2004-04-23 00:00:00,9802/5664,8051DE7A-12ED-4D7A-85F2-1CBFA46B44DA
998303E6-13DE-41FD-927D-FB6F83A18063,2005-09-15 15:30:08,2004-05-05 00:00:00,9802/9840,89FB1C3F-5F21-4FE9-A339-341AA83A5284
A8C4D303-95A5-4C1C-A1AF-FB7D3B5889DB,,2005-11-25 00:00:00,9802/2750,6F71BC1B-99E6-4B9A-9DD0-F2D279994F39
2C6B9ED0-DC72-413D-8D0F-FC3ADB2BAAE2,,2014-11-12 10:20:45,9822/0995,
0AA02BD6-B0AF-411B-B8BF-FC5911EAECA4,,2013-08-01 12:41:43,9822/0745,BF54B40E-231F-4D60-A128-279000C1D624
38EE2080-8491-4080-834D-FC644BF2090A,2000-03-03 17:26:27,1997-12-24 00:00:00,9802/5408,B52A9096-4EFA-4004-BC6C-D0EA1E0BB202
6B01C660-7BB9-49E5-B8BA-FC65D317C4D6,,2008-01-01 00:00:00,9812/3260,9C06D500-E638-4C55-B45D-DC52975F97DC
889AD668-A395-4DE5-B3D3-FC6F634CF29B,,2008-07-01 00:00:00,9802/4630,8184791B-FFAE-4080-BAD1-FF26C71DA4D8
4A4F19A0-F5BD-45A1-A363-FCE5FC010725,1997-03-29 11:26:52,1996-03-01 00:00:00,9802/2370,6F71BC1B-99E6-4B9A-9DD0-F2D279994F39
1064130E-CBA1-4BD5-8CFB-FCF790FC9CBB,,2111-10-01 12:24:46,9822/0460,6F71BC1B-99E6-4B9A-9DD0-F2D279994F39
E451D1B7-8FD0-4B4E-90BE-FD9ED78B111C,,2014-09-19 06:40:32,9812/9280,FB1CD1A5-9047-4335-89DA-DF8139EC8172
4189695F-8442-40BD-B483-FDC1B1ABDD15,,,,01D72A7D-B1E6-4C44-9643-DCA8C8F95321
4157DAB4-F37C-4478-9077-FDC7DF24A1E8,,2007-09-01 00:00:00,9812/5010,8051DE7A-12ED-4D7A-85F2-1CBFA46B44DA
2544FAEA-73CD-4120-8DEF-FDD1C432056B,,,9812/4220,6A35BF04-B5B7-4503-ADF8-B577DFFEC2D2
8C25990C-6F6D-4FF2-ADE5-FE1DEE78056C,,2014-03-12 11:15:17,9822/0845,8051DE7A-12ED-4D7A-85F2-1CBFA46B44DA
8F609948-A46C-496C-92D3-FE6EA4A50004,2003-02-28 12:23:54,2000-12-20 00:00:00,9802/2640,6F71BC1B-99E6-4B9A-9DD0-F2D279994F39
E9C7A095-9889-4A56-8064-FEB0C465FBBB,2010-12-21 00:00:00,2005-09-30 00:00:00,9802/4400,6C3FDBF7-7361-40C7-8468-C55F108EC244
DE806CB9-1548-4200-A0AB-FECEC7D98089,,2012-04-30 14:34:32,9822/0310,E6206E74-E250-492B-A203-F69326C31B4B
46C8AA81-C45A-4392-B1DD-FED6F2901030,,2012-02-09 17:31:14,9822/0500,7F042236-8D08-4927-A55A-7BE1557B6135
3E0D82D1-BFB3-4B63-BE6E-FEDB4A6DCAF9,2002-10-19 12:42:16,2000-04-20 00:00:00,9802/9610,89FB1C3F-5F21-4FE9-A339-341AA83A5284
4725A01E-3909-4E79-B20D-FF75BEEA6362,,2006-03-24 00:00:00,9802/5940,59DE41B8-D56A-401C-BE0E-39CA6404D531
A33B3AFE-F49F-4090-8716-FF85966A73ED,,2007-08-01 00:00:00,9802/0090,6A35BF04-B5B7-4503-ADF8-B577DFFEC2D2
